"replication_id","route","gcm_null_p","gcm_alt_p","gcm_null_reject","gcm_alt_reject","rcot_null_p","rcot_alt_p","rcot_null_reject","rcot_alt_reject","pcor_null_p","pcor_alt_p","pcor_null_reject","pcor_alt_reject"
1,"A",0.996530925756886,0.0881771715639262,FALSE,FALSE,0.487530679863321,0.00474754378042308,FALSE,TRUE,0.607107738450578,0.901658547352549,FALSE,FALSE
2,"A",0.548826895501626,0.00204750875260231,FALSE,TRUE,0.404677692020334,9.35412921121426e-07,FALSE,TRUE,0.190570961478358,0.000165495291708008,FALSE,TRUE
3,"A",0.871688393762041,0.000384870572241965,FALSE,TRUE,0.98735717282186,1.66049513683486e-06,FALSE,TRUE,0.772920014611285,0.00306793607359709,FALSE,TRUE
4,"A",0.15653582314889,0.136274240891474,FALSE,FALSE,0.409918508852957,0.00108963413265939,FALSE,TRUE,0.20918029375641,0.800815362042888,FALSE,FALSE
5,"A",0.376161465274455,0.00918268381269564,FALSE,TRUE,0.264600064609605,4.01563005070216e-10,FALSE,TRUE,0.794726913286251,0.0341416873775483,FALSE,TRUE
6,"A",0.0382577272889572,0.0290243233632641,TRUE,TRUE,0.00978721174034924,9.98270370167198e-06,TRUE,TRUE,0.0366669416020864,0.120549714012805,TRUE,FALSE
7,"A",0.335983653859041,0.0442226090307542,FALSE,TRUE,0.0577957427515168,5.38488548418314e-06,FALSE,TRUE,0.236800755855848,0.0170685226475418,FALSE,TRUE
8,"A",0.949582327963621,0.0144256697976667,FALSE,TRUE,0.548952279582278,0.000127456658325142,FALSE,TRUE,0.810494747854858,0.0400793627426427,FALSE,TRUE
9,"A",0.127407567624861,3.7758919690213e-05,FALSE,TRUE,0.757607201040829,2.00738045075255e-08,FALSE,TRUE,0.577305134871371,0.00698146899834826,FALSE,TRUE
10,"A",0.70738089901055,0.0234652154712329,FALSE,TRUE,0.541069145920378,5.88775624144056e-07,FALSE,TRUE,0.297538450758808,0.123784542988481,FALSE,FALSE
11,"A",0.389661978938888,0.0254131902322113,FALSE,TRUE,0.419511412195898,1.10747609914918e-05,FALSE,TRUE,0.273120522864636,0.139846209901103,FALSE,FALSE
12,"A",0.440016194716073,0.0452867943691138,FALSE,TRUE,0.384948060971199,6.61255294964747e-09,FALSE,TRUE,0.567883980029402,0.0571133045082271,FALSE,FALSE
13,"A",0.79569145088001,0.0739519885817351,FALSE,FALSE,0.762189458237345,1.04189715048886e-05,FALSE,TRUE,0.844137961344192,0.0790737360665288,FALSE,FALSE
14,"A",0.170826209083305,0.012636353401916,FALSE,TRUE,0.0856326133636601,0.00435759694674576,FALSE,TRUE,0.165886153856805,0.277234898326013,FALSE,FALSE
15,"A",0.755716388345344,4.16021710328018e-06,FALSE,TRUE,0.376514514221559,0.00252891068082595,FALSE,TRUE,0.729888311105141,0.00123134182331923,FALSE,TRUE
16,"A",0.509861237041285,0.000730525730287776,FALSE,TRUE,0.805796653999217,9.75219156962304e-06,FALSE,TRUE,0.831136370523348,0.00162686260539958,FALSE,TRUE
17,"A",0.878361801795642,0.55104548849703,FALSE,FALSE,0.187348660779585,0.000971277161157746,FALSE,TRUE,0.743543717933219,0.934809707866165,FALSE,FALSE
18,"A",0.809493625449269,0.272906343749342,FALSE,FALSE,0.367874336193706,0.000255267783399238,FALSE,TRUE,0.992367011619023,0.303121757087651,FALSE,FALSE
19,"A",0.851587616123881,0.00606324828938482,FALSE,TRUE,0.6163862597513,0.00038246121761909,FALSE,TRUE,0.930878206539839,0.125762242294529,FALSE,FALSE
20,"A",0.542305141259304,0.0121828048438136,FALSE,TRUE,0.521199945865157,2.39109386068748e-07,FALSE,TRUE,0.718241130822786,0.022308087094662,FALSE,TRUE
21,"A",0.458426318362701,0.00157652084745,FALSE,TRUE,0.389381222378906,0.0167365595976552,FALSE,TRUE,0.982933549053629,0.00846728551522487,FALSE,TRUE
22,"A",0.141139806297726,0.00711459842627445,FALSE,TRUE,0.408279858120282,0.0264621451857376,FALSE,TRUE,0.32427956075937,0.00962306582521904,FALSE,TRUE
23,"A",0.250304706234885,0.00711012004624495,FALSE,TRUE,0.352545774664925,0.00343701736708313,FALSE,TRUE,0.0954140202553942,0.426970131635793,FALSE,FALSE
24,"A",0.962018178206754,0.146681351954915,FALSE,FALSE,0.886308777227762,0.137441979528136,FALSE,FALSE,0.540433205866258,0.820498976696988,FALSE,FALSE
25,"A",0.562180419608314,0.0571558595384352,FALSE,FALSE,0.562386260329657,0.00110099434936584,FALSE,TRUE,0.356599428528936,0.625789438335525,FALSE,FALSE
26,"A",0.759399613880494,0.130281505472607,FALSE,FALSE,0.975412698865937,0.092530717424675,FALSE,FALSE,0.765154264306756,0.133439841518049,FALSE,FALSE
27,"A",0.757766435971984,0.00588232195625882,FALSE,TRUE,0.838797538894626,0.0390273102214402,FALSE,TRUE,0.442859885553482,0.0186138505716217,FALSE,TRUE
28,"A",0.600774234299074,0.000184497705570376,FALSE,TRUE,0.473702162416706,2.78925504915151e-09,FALSE,TRUE,0.391947653171844,0.00538372676981699,FALSE,TRUE
29,"A",0.237025701292424,0.0186533808223172,FALSE,TRUE,0.279147798028619,0.00062952866454713,FALSE,TRUE,0.925473058049871,0.197076614945613,FALSE,FALSE
30,"A",0.118898873647716,0.367962207313573,FALSE,FALSE,0.325474022555409,0.00145511231318574,FALSE,TRUE,0.0471346239625278,0.33339407016451,TRUE,FALSE
31,"A",0.199710492774859,0.0734688300913735,FALSE,FALSE,0.115581724191312,0.000165659008977803,FALSE,TRUE,0.0585812434819716,0.31091888382354,FALSE,FALSE
32,"A",0.331054355336386,0.00107044590293477,FALSE,TRUE,0.19089682135748,4.2170351655102e-09,FALSE,TRUE,0.522642026852292,0.0119117953107293,FALSE,TRUE
33,"A",0.243784929536977,0.139398874306018,FALSE,FALSE,0.514620374108322,2.01801658761269e-06,FALSE,TRUE,0.161350083308508,0.289223573339111,FALSE,FALSE
34,"A",0.355668804456811,0.00339829036931373,FALSE,TRUE,0.474123554252935,3.58046604076456e-06,FALSE,TRUE,0.311678766837192,0.0541343859155509,FALSE,FALSE
35,"A",0.429917953255392,0.0760897749898802,FALSE,FALSE,0.134858052936095,0.000304948861886922,FALSE,TRUE,0.234859340609827,0.1195967579371,FALSE,FALSE
36,"A",0.694349423159413,0.102076024328393,FALSE,FALSE,0.789536909406474,0.000810774198390707,FALSE,TRUE,0.971367461329731,0.317655326522033,FALSE,FALSE
37,"A",0.0547015820184006,0.171255730228199,FALSE,FALSE,0.346624136687455,1.58048681777601e-05,FALSE,TRUE,0.268598224860879,0.587451003772825,FALSE,FALSE
38,"A",0.857687758202541,0.0366923179985549,FALSE,TRUE,0.171664142741489,0.00010465334442733,FALSE,TRUE,0.632830999323065,0.0514591567021173,FALSE,FALSE
39,"A",0.76689529463333,0.00357359161451547,FALSE,TRUE,0.773652009180365,2.78941891773687e-06,FALSE,TRUE,0.753560918932569,0.0131134786045981,FALSE,TRUE
40,"A",0.22905343516159,0.0417503485643797,FALSE,TRUE,0.811269422599603,0.0982697856392769,FALSE,FALSE,0.141681135310153,0.483223865095718,FALSE,FALSE
41,"A",0.358568477485213,6.0939224915513e-05,FALSE,TRUE,0.25779896158296,0.00271016142679148,FALSE,TRUE,0.438367654919379,0.00060122872895086,FALSE,TRUE
42,"A",0.40788791108567,0.243444432577189,FALSE,FALSE,0.199402191103957,0.016452143248918,FALSE,TRUE,0.790560262917179,0.163846755999087,FALSE,FALSE
43,"A",0.691017156440214,0.000378432756427326,FALSE,TRUE,0.32773687918243,2.62919301774467e-07,FALSE,TRUE,0.127526371864521,0.000108987316169445,FALSE,TRUE
44,"A",0.737638804404768,0.0445627078580207,FALSE,TRUE,0.652266385995694,0.00494307559207474,FALSE,TRUE,0.874850261042234,0.0318667990716133,FALSE,TRUE
45,"A",0.380549401123692,0.00540100456460474,FALSE,TRUE,0.287946304438099,0.004553278121736,FALSE,TRUE,0.53195750034741,0.0663154735243791,FALSE,FALSE
46,"A",0.896453930578711,0.277407211214418,FALSE,FALSE,0.779850348863513,0.00158177394997383,FALSE,TRUE,0.976301867212929,0.792946649251187,FALSE,FALSE
47,"A",0.118068673125994,0.000382878139656719,FALSE,TRUE,0.496987702636388,1.02012411395958e-05,FALSE,TRUE,0.492270448493186,0.0446183627541308,FALSE,TRUE
48,"A",0.116434013035957,0.00292160659653653,FALSE,TRUE,0.171208403317262,0.000357898442193694,FALSE,TRUE,0.418754192428538,0.0477651345793452,FALSE,TRUE
49,"A",0.288969720645802,0.000237529910292895,FALSE,TRUE,0.486849204680341,4.44089209850063e-16,FALSE,TRUE,0.939895775490801,0.00351608342536419,FALSE,TRUE
50,"A",0.459295020082628,0.00257262714180447,FALSE,TRUE,0.577119877527777,5.53350687493293e-09,FALSE,TRUE,0.0887784925643411,0.0555126713018163,FALSE,FALSE
51,"A",0.313577419263972,0.0131185170081205,FALSE,TRUE,0.767174865842538,0.0193770918714159,FALSE,TRUE,0.582638080866278,0.146034650207257,FALSE,FALSE
52,"A",0.971938953494788,0.00640503168152877,FALSE,TRUE,0.856290484857413,3.24497033465931e-07,FALSE,TRUE,0.394353814331894,0.0445983292282505,FALSE,TRUE
53,"A",0.0394356590883062,0.175498835236066,TRUE,FALSE,0.105370542663087,0.000184608728690527,FALSE,TRUE,0.0789046226736738,0.163644786800405,FALSE,FALSE
54,"A",0.853143652545214,0.000869835261664915,FALSE,TRUE,0.451353124369702,2.49748946987705e-05,FALSE,TRUE,0.0442488501071852,0.000412759497303855,TRUE,TRUE
55,"A",0.246451874243793,0.000279120013845205,FALSE,TRUE,0.687045920515058,1.15564455549499e-06,FALSE,TRUE,0.421420734742228,0.0063184756999702,FALSE,TRUE
56,"A",0.370322381451743,0.0181651626591454,FALSE,TRUE,0.77859391434264,3.3219172124177e-07,FALSE,TRUE,0.232659158597313,0.43105974719431,FALSE,FALSE
57,"A",0.52970981487976,0.184189384449521,FALSE,FALSE,0.312328403687116,0.00927180887355927,FALSE,TRUE,0.812583878658802,0.0569082723482565,FALSE,FALSE
58,"A",0.0683634757212514,0.367044711703126,FALSE,FALSE,0.0649370554432426,0.00785129786366501,FALSE,TRUE,0.0987216648803072,0.717913910297646,FALSE,FALSE
59,"A",0.520534944228779,0.130214218003507,FALSE,FALSE,0.245537864373596,4.74635138858481e-07,FALSE,TRUE,0.2436074843516,0.235694793536284,FALSE,FALSE
60,"A",0.553987886154326,0.000248943327290553,FALSE,TRUE,0.846172568263258,0.0107300077770067,FALSE,TRUE,0.115540907365188,0.0013207309703087,FALSE,TRUE
61,"A",0.301088214228151,0.0010948400897193,FALSE,TRUE,0.716874609741556,1.22015450076951e-07,FALSE,TRUE,0.75372524825268,0.00979894379550039,FALSE,TRUE
62,"A",0.971888398447129,0.00639988839132469,FALSE,TRUE,0.613394691734495,0.0102976737824,FALSE,TRUE,0.625310773604813,0.0354558700770198,FALSE,TRUE
63,"A",0.206145694786774,0.0002166067707682,FALSE,TRUE,0.389233648841748,1.51020173513317e-05,FALSE,TRUE,0.256949261990614,0.000883723840662629,FALSE,TRUE
64,"A",0.339332952036145,0.115853681098803,FALSE,FALSE,0.204773922603967,0.00364059921378312,FALSE,TRUE,0.4653724334479,0.252741441423414,FALSE,FALSE
65,"A",0.15223395595411,0.000638056805519766,FALSE,TRUE,0.654979751201277,0.017767458276275,FALSE,TRUE,0.171932851811871,0.0690649094391783,FALSE,FALSE
66,"A",0.660435701517428,0.00550528001540429,FALSE,TRUE,0.763684482084643,2.53333536370803e-08,FALSE,TRUE,0.337060574158953,0.0354498036109446,FALSE,TRUE
67,"A",0.622170566082642,0.0302408876297349,FALSE,TRUE,0.67209948021413,5.47562071429031e-06,FALSE,TRUE,0.935092963845608,0.0975581229621161,FALSE,FALSE
68,"A",0.500894019036878,0.0422655295473189,FALSE,TRUE,0.00204544163286902,4.70533001728501e-06,TRUE,TRUE,0.8463020385937,0.0804960045609035,FALSE,FALSE
69,"A",0.613256359790529,0.00016592738322774,FALSE,TRUE,0.43228065950844,1.93844480356198e-07,FALSE,TRUE,0.330122853611608,0.00416454058060204,FALSE,TRUE
70,"A",0.222364708916258,0.0362699834318831,FALSE,TRUE,0.081072282764972,2.02003203730872e-06,FALSE,TRUE,0.416419246024256,0.00802087604375344,FALSE,TRUE
71,"A",0.620644888746392,0.082756121558221,FALSE,FALSE,0.122005494287811,2.64712377873177e-06,FALSE,TRUE,0.344998956912211,0.0969000677958369,FALSE,FALSE
72,"A",0.806803128135554,0.0010021926130116,FALSE,TRUE,0.454879938415859,6.52771216858028e-07,FALSE,TRUE,0.80517688773758,0.0535004056378773,FALSE,FALSE
73,"A",0.238822497546049,0.330128340725833,FALSE,FALSE,0.127683703155613,0.115484559105648,FALSE,FALSE,0.134792273498252,0.291480393669407,FALSE,FALSE
74,"A",0.336492472772299,0.044714326712009,FALSE,TRUE,0.119309677314952,0.0108383151961029,FALSE,TRUE,0.147414320722882,0.583860039187324,FALSE,FALSE
75,"A",0.307678416978496,0.00510400631078855,FALSE,TRUE,0.208048419933999,1.29494910650063e-05,FALSE,TRUE,0.832291766634596,0.00386916743602915,FALSE,TRUE
76,"A",0.17269959322191,0.00119272440016214,FALSE,TRUE,0.503872662935867,4.60608945448415e-05,FALSE,TRUE,0.164606967475338,0.0345160177001229,FALSE,TRUE
77,"A",0.0252993234685121,0.00113354833935042,TRUE,TRUE,0.00798814959250327,0.0164317320769516,TRUE,TRUE,0.191231070235815,0.0235205570364532,FALSE,TRUE
78,"A",0.849447865108852,0.00158316817513283,FALSE,TRUE,0.770880998007072,1.05864541577461e-08,FALSE,TRUE,0.30852510939791,0.0255090479377439,FALSE,TRUE
79,"A",0.396077374288208,0.692861367619795,FALSE,FALSE,0.393787946368173,2.63677440495158e-05,FALSE,TRUE,0.726549905747991,0.408642603146955,FALSE,FALSE
80,"A",0.483044625921792,0.00617661352724405,FALSE,TRUE,0.138110240373214,0.000552930915107996,FALSE,TRUE,0.561698960572523,0.18483277069057,FALSE,FALSE
81,"A",0.693067846329673,0.0201675910121916,FALSE,TRUE,0.943436947455246,3.24728849798728e-06,FALSE,TRUE,0.421624243616382,0.0834892921935406,FALSE,FALSE
82,"A",0.837557517986438,0.0338022318001785,FALSE,TRUE,0.204833611602096,1.15669072764391e-07,FALSE,TRUE,0.663078833286404,0.045072271553637,FALSE,TRUE
83,"A",0.943283481849297,0.00229609271325027,FALSE,TRUE,0.861433501596337,1.80101024069845e-05,FALSE,TRUE,0.488971605345948,0.00878323741426098,FALSE,TRUE
84,"A",0.603299430758513,0.088059886525887,FALSE,FALSE,0.973331661681781,3.29582324609667e-06,FALSE,TRUE,0.689930705592781,0.816104866311389,FALSE,FALSE
85,"A",0.122617030561157,0.971298925380199,FALSE,FALSE,0.419448868479744,0.151669915156018,FALSE,FALSE,0.934349520314226,0.87071153843281,FALSE,FALSE
86,"A",0.591897369204833,0.000102749677610198,FALSE,TRUE,0.741445892132967,0.0176714490961559,FALSE,TRUE,0.792201593874894,0.0355873716724298,FALSE,TRUE
87,"A",0.687974178064826,0.00956895217294314,FALSE,TRUE,0.878104796871879,0.000501650996927894,FALSE,TRUE,0.594874428603549,0.139331659859785,FALSE,FALSE
88,"A",0.120316465687161,0.727607121915078,FALSE,FALSE,0.149871728010351,0.00610684250732507,FALSE,TRUE,0.161971373995377,0.692956228173668,FALSE,FALSE
89,"A",0.151282228499979,0.0620913697639843,FALSE,FALSE,0.185018949281405,2.78058627841693e-05,FALSE,TRUE,0.406467604418795,0.00706803888397571,FALSE,TRUE
90,"A",0.99329308671758,4.21270393640136e-07,FALSE,TRUE,0.525988859568377,3.95427097954482e-07,FALSE,TRUE,0.620380669031302,2.5650067599763e-06,FALSE,TRUE
91,"A",0.828345408388801,0.125563061187872,FALSE,FALSE,0.636480712026074,0.0487204685210881,FALSE,TRUE,0.495101818407425,0.284650882490724,FALSE,FALSE
92,"A",0.766741651455016,8.47389976664522e-09,FALSE,TRUE,0.539569267696399,7.17648163117701e-13,FALSE,TRUE,0.187908050362749,5.83677307043608e-06,FALSE,TRUE
93,"A",0.377454262692389,0.00370581989696274,FALSE,TRUE,0.444342016483987,5.30386645714032e-09,FALSE,TRUE,0.835334038683593,0.138581810045858,FALSE,FALSE
94,"A",0.480036548279736,0.423039381570993,FALSE,FALSE,0.576233710171289,0.0015212313776406,FALSE,TRUE,0.567444535485482,0.26416983982539,FALSE,FALSE
95,"A",0.857446580866419,0.0332032411918485,FALSE,TRUE,0.817795103962608,0.0156838353902655,FALSE,TRUE,0.508312321264877,0.0747738809568173,FALSE,FALSE
96,"A",0.0333183275141466,0.000661351175832259,TRUE,TRUE,0.0871050127307389,0.000788355578553945,FALSE,TRUE,0.16118415572961,0.0355002959290339,FALSE,TRUE
97,"A",0.29271358458178,0.0265572158453634,FALSE,TRUE,0.368653856744716,0.000513392807223845,FALSE,TRUE,0.089824067194635,0.0531938568373976,FALSE,FALSE
98,"A",0.65817415914047,0.00916221159287968,FALSE,TRUE,0.269182219457462,8.12604257254268e-05,FALSE,TRUE,0.675162396946693,0.0701982307281073,FALSE,FALSE
99,"A",0.357195959705802,0.0185202270541666,FALSE,TRUE,0.763265259604594,6.18394224716212e-14,FALSE,TRUE,0.327441018370595,0.161156476250897,FALSE,FALSE
100,"A",0.238492013473816,0.000234144477274943,FALSE,TRUE,0.107880594299731,0.0550676142782018,FALSE,FALSE,0.187477611109153,0.0030204932211543,FALSE,TRUE
101,"A",0.297929526876229,0.0102309416751116,FALSE,TRUE,0.579985604283295,0.0419287035322553,FALSE,TRUE,0.22696288688005,0.00781246885457695,FALSE,TRUE
102,"A",0.820484783221066,6.71022393662676e-05,FALSE,TRUE,0.4026219922463,2.08275444779638e-07,FALSE,TRUE,0.872489735970674,0.0128680720482413,FALSE,TRUE
103,"A",0.249398420402194,0.00997059744559613,FALSE,TRUE,0.147831888166166,0.00913316127391972,FALSE,TRUE,0.202106882862166,0.0185293582260785,FALSE,TRUE
104,"A",0.788923911123562,0.000675413538123113,FALSE,TRUE,0.819413315716157,1.20733656405747e-09,FALSE,TRUE,0.986470832170246,0.00161486081888938,FALSE,TRUE
105,"A",0.0715828449340232,0.00168492154011731,FALSE,TRUE,0.0983052508077003,0.0452398820446966,FALSE,TRUE,0.517562250782005,0.0947104218800598,FALSE,FALSE
106,"A",0.545444679834902,0.0188000646965391,FALSE,TRUE,0.922796554987949,0.000127851200366957,FALSE,TRUE,0.819338946557051,0.118040805616743,FALSE,FALSE
107,"A",0.866246252094753,0.0147280783061786,FALSE,TRUE,0.27963539779252,0.0194297358701372,FALSE,TRUE,0.440114754790252,0.108888968868409,FALSE,FALSE
108,"A",0.199361750627068,0.205873694992629,FALSE,FALSE,0.265525685400573,5.63110669205003e-10,FALSE,TRUE,0.156556619144377,0.551650041989354,FALSE,FALSE
109,"A",0.995235178314863,0.0178211380455434,FALSE,TRUE,0.107068355282514,4.27863738128309e-06,FALSE,TRUE,0.684589175377386,0.118213873463844,FALSE,FALSE
110,"A",0.418435664448802,0.0208454710219554,FALSE,TRUE,0.0886463024243763,6.37620664045713e-08,FALSE,TRUE,0.78564165876199,0.054554097069254,FALSE,FALSE
111,"A",0.196192784896003,0.00125827321034442,FALSE,TRUE,0.351985598445267,4.48862246698045e-05,FALSE,TRUE,0.281421175391492,0.0126112195010622,FALSE,TRUE
112,"A",0.845226838688012,0.0231937649878016,FALSE,TRUE,0.644600539075583,5.70951091590777e-05,FALSE,TRUE,0.448426188745914,0.199664526131555,FALSE,FALSE
113,"A",0.468751982156598,0.114861988638703,FALSE,FALSE,0.576319931689676,0.0163752749582319,FALSE,TRUE,0.531152698640584,0.103857677065858,FALSE,FALSE
114,"A",0.468382698349668,0.0499986960553231,FALSE,TRUE,0.379490481669649,0.00268771183298055,FALSE,TRUE,0.267047823381041,0.0342786122929849,FALSE,TRUE
115,"A",0.712622557845622,0.0186414078261592,FALSE,TRUE,0.331494455868324,6.51651112826279e-06,FALSE,TRUE,0.7209492150247,0.0201569460809449,FALSE,TRUE
116,"A",0.044004229133478,0.00287603785708343,TRUE,TRUE,0.456888256980129,3.64507401928726e-07,FALSE,TRUE,0.568177247369576,0.158857836220782,FALSE,FALSE
117,"A",0.420390883538265,0.156495449581934,FALSE,FALSE,0.469939703158934,7.61086749179185e-11,FALSE,TRUE,0.791185454407832,0.497930680422052,FALSE,FALSE
118,"A",0.165568753635239,0.19703091790355,FALSE,FALSE,0.255865511737731,4.48115958784356e-07,FALSE,TRUE,0.335556892061794,0.512930962645053,FALSE,FALSE
119,"A",0.149427299601842,5.68639215095391e-05,FALSE,TRUE,0.204048042210196,1.46540035328435e-07,FALSE,TRUE,0.0359582305073145,0.00133916729698609,TRUE,TRUE
120,"A",0.815680051914239,0.0276141884027584,FALSE,TRUE,0.76496212691019,0.00950067243336927,FALSE,TRUE,0.724460016224204,0.167843245151655,FALSE,FALSE
121,"A",0.641017201870593,0.0184872378522465,FALSE,TRUE,0.480043203979045,8.61459527362607e-05,FALSE,TRUE,0.48064936634472,0.503431332452431,FALSE,FALSE
122,"A",0.226213212637544,0.0261137083192772,FALSE,TRUE,0.43514374046275,0.000357986121401699,FALSE,TRUE,0.652879535710618,0.0732047715853469,FALSE,FALSE
123,"A",0.113293856571021,0.872038118802756,FALSE,FALSE,0.43169169116783,1.36697291774901e-06,FALSE,TRUE,0.117908659248804,0.928830910277683,FALSE,FALSE
124,"A",0.241149230137009,0.338758978343476,FALSE,FALSE,0.419861615579204,4.90859212058936e-05,FALSE,TRUE,0.367068218887588,0.797676746130661,FALSE,FALSE
125,"A",0.851483972924512,0.000416481225815108,FALSE,TRUE,0.603338337304408,3.06578757459652e-05,FALSE,TRUE,0.183955235278298,0.00146063674938848,FALSE,TRUE
126,"A",0.123302567177346,0.128057180923686,FALSE,FALSE,0.911680127895176,0.000348443549051058,FALSE,TRUE,0.21156305068448,0.0388584893043843,FALSE,TRUE
127,"A",0.184901899190633,0.0799569910485275,FALSE,FALSE,0.42538213620313,1.4249691648649e-05,FALSE,TRUE,0.526393836919174,0.315819145840799,FALSE,FALSE
128,"A",0.038400731669147,0.586287776057437,TRUE,FALSE,0.32295381813679,0.00034194079954919,FALSE,TRUE,0.17545027356989,0.885445707576199,FALSE,FALSE
129,"A",0.786237504634636,0.00078894178989862,FALSE,TRUE,0.774739692136903,0.0138204176118319,FALSE,TRUE,0.580325631531499,0.0622515672584443,FALSE,FALSE
130,"A",0.397355542060235,0.44429167117354,FALSE,FALSE,0.599812815877879,1.40629897726896e-07,FALSE,TRUE,0.662652463749648,0.820147192811944,FALSE,FALSE
131,"A",0.861690652897684,0.0221354223996745,FALSE,TRUE,0.966451322756772,6.7335308440164e-09,FALSE,TRUE,0.642455586347013,0.157346576722857,FALSE,FALSE
132,"A",0.960230312810422,0.00015106386047405,FALSE,TRUE,0.707153634719563,0.00866449938257752,FALSE,TRUE,0.271993986906742,0.00384296095620629,FALSE,TRUE
133,"A",0.653535046267357,0.101774349754134,FALSE,FALSE,0.848905709768439,0.0114293022432439,FALSE,TRUE,0.103141885509799,0.087524649392627,FALSE,FALSE
134,"A",0.96879767554325,0.0609128586834125,FALSE,FALSE,0.647289138559192,0.000467405229824913,FALSE,TRUE,0.890720366586081,0.129417977291769,FALSE,FALSE
135,"A",0.251608211078417,0.000646844579650797,FALSE,TRUE,0.0921590964642517,2.84405476946858e-09,FALSE,TRUE,0.429168364967353,0.0173403836201064,FALSE,TRUE
136,"A",0.131293218775429,4.80592582963392e-07,FALSE,TRUE,0.0494925418065539,2.48512321832095e-12,TRUE,TRUE,0.433041646511692,0.0109376243435364,FALSE,TRUE
137,"A",0.0567802896681462,0.46067517941993,FALSE,FALSE,0.0866503607565559,0.00932538892266821,FALSE,TRUE,0.0184535928389965,0.822504512912204,TRUE,FALSE
138,"A",0.136084317589551,0.0466081233265739,FALSE,TRUE,0.741193464050232,0.0235071073154223,FALSE,TRUE,0.498243242206706,0.101579830271465,FALSE,FALSE
139,"A",0.809975175908191,0.0910441378311491,FALSE,FALSE,0.780308375453039,0.000119273993021141,FALSE,TRUE,0.4666526584828,0.28636844002716,FALSE,FALSE
140,"A",0.87713221358445,0.0892259373722561,FALSE,FALSE,0.183836584552757,7.53245557458815e-05,FALSE,TRUE,0.781581040286669,0.194538802697973,FALSE,FALSE
141,"A",0.525001344241254,0.00222122855493659,FALSE,TRUE,0.883659396988115,0.000277333325982121,FALSE,TRUE,0.279420814756723,0.0505155589394946,FALSE,FALSE
142,"A",0.93989555962852,0.0106936119524604,FALSE,TRUE,0.984610734808756,0.00162542130529353,FALSE,TRUE,0.867064214820273,0.0254482189179892,FALSE,TRUE
143,"A",0.551112946596787,0.000888532268198434,FALSE,TRUE,0.58273634675147,3.98523847255916e-08,FALSE,TRUE,0.320454097562238,0.00528857658037771,FALSE,TRUE
144,"A",0.864933567615245,0.00465929018576257,FALSE,TRUE,0.29925373738398,3.90359633506421e-10,FALSE,TRUE,0.844915605589843,0.0577100217612974,FALSE,FALSE
145,"A",0.374656342920231,0.0771671293215132,FALSE,FALSE,0.444583678780205,0.00214791529567249,FALSE,TRUE,0.227201201457072,0.602708450193391,FALSE,FALSE
146,"A",0.32271212471007,0.00201364301753595,FALSE,TRUE,0.281775766896143,0.000111634823323992,FALSE,TRUE,0.380768056845924,0.140855865611622,FALSE,FALSE
147,"A",0.340537528907746,0.00183703932635504,FALSE,TRUE,0.315394455430265,0.000636124510268288,FALSE,TRUE,0.462316482546608,0.0025314363527461,FALSE,TRUE
148,"A",0.608876685477176,0.833660175180174,FALSE,FALSE,0.658089176371393,3.41614778254229e-06,FALSE,TRUE,0.595167024693372,0.697331251814358,FALSE,FALSE
149,"A",0.865693741272808,0.000252659999957889,FALSE,TRUE,0.422426060064971,1.90920011211571e-05,FALSE,TRUE,0.87495088598349,0.000528701999668818,FALSE,TRUE
150,"A",0.0779188100091158,0.452761942189253,FALSE,FALSE,0.906558268996489,0.0173906694544907,FALSE,TRUE,0.196248715502779,0.874355448318144,FALSE,FALSE
151,"A",0.697315825062692,0.00185374366434993,FALSE,TRUE,0.17685057310571,9.8155408234657e-07,FALSE,TRUE,0.808185509814817,0.0203534039021574,FALSE,TRUE
152,"A",0.279013007592128,0.0386873636232418,FALSE,TRUE,0.620862995114,0.0499673025866648,FALSE,TRUE,0.963094236940344,0.0228149190115808,FALSE,TRUE
153,"A",0.90992615745768,0.000423472414321975,FALSE,TRUE,0.471365433953635,0.0189921099674676,FALSE,TRUE,0.638182965246134,0.027371649773028,FALSE,TRUE
154,"A",0.339292679369143,0.176580202275939,FALSE,FALSE,0.390462135971079,7.80655329429836e-05,FALSE,TRUE,0.221566259531116,0.633502386953256,FALSE,FALSE
155,"A",0.318979454485694,0.0297207801661253,FALSE,TRUE,0.526550071290981,2.4460177825314e-05,FALSE,TRUE,0.274358323701447,0.318402565455615,FALSE,FALSE
156,"A",0.405589925562161,0.0625463183246968,FALSE,FALSE,0.566909624658452,0.000555832642356813,FALSE,TRUE,0.721544439485761,0.0607882241098445,FALSE,FALSE
157,"A",0.326288326515111,0.032391356544865,FALSE,TRUE,0.169166061861226,2.54501712237953e-06,FALSE,TRUE,0.703375008111835,0.176873224829677,FALSE,FALSE
158,"A",0.0228401353371785,0.0589931639133632,TRUE,FALSE,0.099748323840144,1.65638001881074e-06,FALSE,TRUE,0.0837770519336297,0.0585351140768153,FALSE,FALSE
159,"A",0.194347098721513,0.0009551956851455,FALSE,TRUE,0.14555620387302,2.41806574763359e-13,FALSE,TRUE,0.0859580515582529,0.000288634115699729,FALSE,TRUE
160,"A",0.453646264059153,0.000821162179586564,FALSE,TRUE,0.437839670298376,1.74591973545191e-07,FALSE,TRUE,0.245011675125716,0.00108984889900698,FALSE,TRUE
161,"A",0.962388673666484,1.882612739533e-05,FALSE,TRUE,0.602945357358015,2.56101473361525e-10,FALSE,TRUE,0.615184551733369,0.00124919873140502,FALSE,TRUE
162,"A",0.619542792898805,0.123197943937979,FALSE,FALSE,0.182344350957097,1.50530427102114e-05,FALSE,TRUE,0.349363411034668,0.739581238456455,FALSE,FALSE
163,"A",0.168028006638204,4.04877226595105e-06,FALSE,TRUE,0.039638044962177,0.00354603931416364,TRUE,TRUE,0.101377224758751,6.62687208541081e-06,FALSE,TRUE
164,"A",0.271228262774201,0.0105408206489789,FALSE,TRUE,0.496355717664074,0.000143921907806321,FALSE,TRUE,0.260044583653648,0.204985616898335,FALSE,FALSE
165,"A",0.480461048536192,0.000248098198323619,FALSE,TRUE,0.294134260474767,0.00535955482683881,FALSE,TRUE,0.741861845907067,0.0105521480440665,FALSE,TRUE
166,"A",0.799375139334738,0.0328907998991363,FALSE,TRUE,0.674419555411256,3.25199328354842e-07,FALSE,TRUE,0.267261813867791,0.0237779862614709,FALSE,TRUE
167,"A",0.783638731485821,0.142550336752567,FALSE,FALSE,0.639289334409965,4.88261849115323e-05,FALSE,TRUE,0.856514330334439,0.30569269621058,FALSE,FALSE
168,"A",0.638422774639846,0.257353185454694,FALSE,FALSE,0.884583309246526,4.19998702483326e-10,FALSE,TRUE,0.676925755073446,0.772694552646366,FALSE,FALSE
169,"A",0.97767549817177,0.012670857610388,FALSE,TRUE,0.86723810015522,7.72517981264542e-05,FALSE,TRUE,0.940267271578661,0.0824196636035401,FALSE,FALSE
170,"A",0.175443119093214,0.162484324459853,FALSE,FALSE,0.989864960439774,1.28723396086716e-06,FALSE,TRUE,0.703351998336784,0.450736039108189,FALSE,FALSE
171,"A",0.121597125300447,0.688202460668226,FALSE,FALSE,0.200922552374555,0.00308650403388189,FALSE,TRUE,0.0862633936516888,0.672942695801103,FALSE,FALSE
172,"A",0.332771561199155,0.147519501825039,FALSE,FALSE,0.534597430600798,0.0920480038626128,FALSE,FALSE,0.38030008664068,0.298019300981909,FALSE,FALSE
173,"A",0.410896276795484,0.313791803948437,FALSE,FALSE,0.256831601026619,3.12132542035215e-11,FALSE,TRUE,0.364651364616151,0.321587648967896,FALSE,FALSE
174,"A",0.289929466602932,0.195559204799502,FALSE,FALSE,0.848896655826141,4.08922461447858e-08,FALSE,TRUE,0.549161389954387,0.38875657232244,FALSE,FALSE
175,"A",0.881867875915234,0.000631196411760031,FALSE,TRUE,0.174250938655758,3.53046947232372e-08,FALSE,TRUE,0.807711183680508,0.00693488964258665,FALSE,TRUE
176,"A",0.606811451643773,0.0378193374259727,FALSE,TRUE,0.796760171880981,0.000162052453275607,FALSE,TRUE,0.969688565815651,0.281606293637269,FALSE,FALSE
177,"A",0.0761309412552562,0.0821698994170937,FALSE,FALSE,0.0254259386686526,2.52040239594464e-05,TRUE,TRUE,0.847161979349992,0.146668088422516,FALSE,FALSE
178,"A",0.850343804710199,0.00334565358026491,FALSE,TRUE,0.0689960194502569,3.35969158848926e-06,FALSE,TRUE,0.429875563552697,0.00707325077845136,FALSE,TRUE
179,"A",0.806034513057689,0.0384088546164132,FALSE,TRUE,0.759341639547712,1.17598242947992e-05,FALSE,TRUE,0.573335121444502,0.163169821369712,FALSE,FALSE
180,"A",0.010920787461205,3.03482326955084e-05,TRUE,TRUE,0.0176823330032048,0.00161905483614677,TRUE,TRUE,0.00170897754637519,0.0018432906850582,TRUE,TRUE
181,"A",0.514567389182123,0.00978730940457823,FALSE,TRUE,0.658337150125916,0.0635072332281991,FALSE,FALSE,0.751426936389001,0.113509238204423,FALSE,FALSE
182,"A",0.457274653059225,0.147756523428527,FALSE,FALSE,0.410981769542407,4.54284251855119e-05,FALSE,TRUE,0.985674430774993,0.964547602229035,FALSE,FALSE
183,"A",0.630352220117448,0.0156992577319154,FALSE,TRUE,0.63222047879885,9.322326743888e-08,FALSE,TRUE,0.935662566679092,0.0327517633164192,FALSE,TRUE
184,"A",0.273184764898797,0.0515393308185599,FALSE,FALSE,0.568404690163243,0.000434590514906685,FALSE,TRUE,0.314571138989115,0.0458146902673154,FALSE,TRUE
185,"A",0.734950370240693,0.61023702309107,FALSE,FALSE,0.885781718639476,0.0117499811656586,FALSE,TRUE,0.32480910368855,0.461710803754326,FALSE,FALSE
186,"A",0.378225670297963,0.0351332561168301,FALSE,TRUE,0.973125995118044,2.47240515061087e-07,FALSE,TRUE,0.867625748914742,0.10218553454396,FALSE,FALSE
187,"A",0.38078116473616,0.0478563297489696,FALSE,TRUE,0.543227630151269,0.00219404533561718,FALSE,TRUE,0.236212841059664,0.105582662006872,FALSE,FALSE
188,"A",0.0270166506053904,0.00031201747998642,TRUE,TRUE,0.552790306063122,1.04048996107942e-06,FALSE,TRUE,0.00634323605136772,0.000196092798724625,TRUE,TRUE
189,"A",0.849690153984308,0.13348656869818,FALSE,FALSE,0.999611343428511,8.1259162979519e-06,FALSE,TRUE,0.556827535960186,0.216726421285358,FALSE,FALSE
190,"A",0.878637573136358,0.00849014876921176,FALSE,TRUE,0.25147901644447,0.0549442856222619,FALSE,FALSE,0.697762069114979,0.0281563926810885,FALSE,TRUE
191,"A",0.469814642122897,0.0310465162458502,FALSE,TRUE,0.232794554107542,0.00123503891952659,FALSE,TRUE,0.658781150551236,0.18061770721411,FALSE,FALSE
192,"A",0.0224458112353381,0.0231977167060369,TRUE,TRUE,0.124368104270488,3.95302907074679e-07,FALSE,TRUE,0.0442473280731087,0.215530474291238,TRUE,FALSE
193,"A",0.86383327978192,0.00232563276610415,FALSE,TRUE,0.87596682829063,0.000152572324824685,FALSE,TRUE,0.736509455754736,0.0629570901409396,FALSE,FALSE
194,"A",0.409062130698882,0.00196537759760076,FALSE,TRUE,0.0385368537468059,0.00382875894334911,TRUE,TRUE,0.375758678872759,0.00829328998495415,FALSE,TRUE
195,"A",0.211298908902369,0.482368661593129,FALSE,FALSE,0.491103141397923,0.00109692489870494,FALSE,TRUE,0.172133138183741,0.713932279563041,FALSE,FALSE
196,"A",0.88223375633423,0.0346127450086236,FALSE,TRUE,0.509270491808351,8.48591917845809e-08,FALSE,TRUE,0.964026208642178,0.394269607185746,FALSE,FALSE
197,"A",0.0146334406674983,0.611600832207794,TRUE,FALSE,0.123307167304978,0.0272199778715133,FALSE,TRUE,0.0864153881393078,0.914775965324435,FALSE,FALSE
198,"A",0.626666471248435,0.000323603281735016,FALSE,TRUE,0.262133310383356,1.27978021846609e-07,FALSE,TRUE,0.839925710281469,0.170702212160647,FALSE,FALSE
199,"A",0.000789926273647316,0.208436999956842,TRUE,FALSE,0.00524553010822593,1.44933133272573e-08,TRUE,TRUE,0.000638773652424188,0.859438480032757,TRUE,FALSE
200,"A",0.817728780351894,0.00543128624799116,FALSE,TRUE,0.820514446398812,4.5898829181823e-09,FALSE,TRUE,0.650693929825895,0.0118762626209367,FALSE,TRUE
1,"B",0.243008829864559,0.787671489154727,FALSE,FALSE,0.854495816712031,0.246699201888513,FALSE,FALSE,0.252378494347754,0.920811095064084,FALSE,FALSE
2,"B",0.0509087642426906,0.209389699571755,FALSE,FALSE,0.18783031977976,0.100939376618453,FALSE,FALSE,0.0250519805221305,0.702673498000016,TRUE,FALSE
3,"B",0.584543872292205,0.0428170300980002,FALSE,TRUE,0.427495223785044,7.11149039533954e-06,FALSE,TRUE,0.690125362169367,0.934138364888707,FALSE,FALSE
4,"B",0.21405578882873,0.217326026703332,FALSE,FALSE,0.190268500442417,0.0317415765352266,FALSE,TRUE,0.629149114391824,0.866193441113666,FALSE,FALSE
5,"B",0.13210665640227,0.379603214541699,FALSE,FALSE,0.645790924827311,0.00325710659734957,FALSE,TRUE,0.307410907607135,0.33479813210244,FALSE,FALSE
6,"B",0.303774206302021,0.418907006420814,FALSE,FALSE,0.877148360016392,0.00111287072859056,FALSE,TRUE,0.845716758134249,0.0642461857544157,FALSE,FALSE
7,"B",0.846207004646132,0.801538198779186,FALSE,FALSE,0.454097439093587,0.000416282865571271,FALSE,TRUE,0.888147742299142,0.696073444501997,FALSE,FALSE
8,"B",0.473762077040445,0.0295398465445723,FALSE,TRUE,0.540921394593399,0.0411551890384599,FALSE,TRUE,0.0457633905062385,0.131842121652383,TRUE,FALSE
9,"B",0.796446072613408,0.774357077869694,FALSE,FALSE,0.600655745308773,0.00181980598771858,FALSE,TRUE,0.598155094404907,0.869885048134851,FALSE,FALSE
10,"B",0.32324999855196,0.591182120559277,FALSE,FALSE,0.105959702571618,0.0468591519573999,FALSE,TRUE,0.469555424535349,0.644869672527515,FALSE,FALSE
11,"B",0.916695706744195,0.308505146457771,FALSE,FALSE,0.375506224189059,0.00762086344690316,FALSE,TRUE,0.626331758010643,0.902712775128284,FALSE,FALSE
12,"B",0.00265802354960775,0.0521614159397536,TRUE,FALSE,0.111559987399535,0.000438829768454441,FALSE,TRUE,0.00180302235609341,0.0875091182810786,TRUE,FALSE
13,"B",0.44926344344194,0.867631483032884,FALSE,FALSE,0.164811088749036,0.00731202121790031,FALSE,TRUE,0.543373756869934,0.642498056154643,FALSE,FALSE
14,"B",0.191223781769431,0.034490887755802,FALSE,TRUE,0.51688813227051,0.0284437312667739,FALSE,TRUE,0.646336669030138,0.956901871107106,FALSE,FALSE
15,"B",0.950350901212225,0.815479465369696,FALSE,FALSE,0.167801630388742,0.0383908090321066,FALSE,TRUE,0.244938443657366,0.789748108322762,FALSE,FALSE
16,"B",0.116835318831888,0.92046866717674,FALSE,FALSE,0.66712303895031,0.0122726244374788,FALSE,TRUE,0.0836277737645716,0.675830561174831,FALSE,FALSE
17,"B",0.878442430096156,0.442000919924959,FALSE,FALSE,0.897357495600128,0.16804346789609,FALSE,FALSE,0.730788028237366,0.843652693148782,FALSE,FALSE
18,"B",0.847931643120617,0.268514305850168,FALSE,FALSE,0.403567846419644,0.132990348743396,FALSE,FALSE,0.545644308207106,0.0191136086112293,FALSE,TRUE
19,"B",0.621343257538963,0.826408794431815,FALSE,FALSE,0.798517084625242,0.00881641555593948,FALSE,TRUE,0.184372839610298,0.487898687098099,FALSE,FALSE
20,"B",0.0358999550411888,0.737892641619669,TRUE,FALSE,0.343140898251589,0.00097382835461779,FALSE,TRUE,0.0123830614936491,0.872009279269983,TRUE,FALSE
21,"B",0.492599352832629,0.535278326987807,FALSE,FALSE,0.460216387549962,0.10145825494121,FALSE,FALSE,0.539900050759732,0.685725646396882,FALSE,FALSE
22,"B",0.941263800443126,0.395507601759214,FALSE,FALSE,0.939132894352113,0.0942827955372143,FALSE,FALSE,0.904845540940799,0.072074588752626,FALSE,FALSE
23,"B",0.0277708116541173,0.43306725448878,TRUE,FALSE,0.0189129785455779,0.00292085986290014,TRUE,TRUE,0.0161283686934878,0.701657653436858,TRUE,FALSE
24,"B",0.990628469237025,0.497858282711492,FALSE,FALSE,0.568448758518734,0.1482352241618,FALSE,FALSE,0.87755727661107,0.680786074006426,FALSE,FALSE
25,"B",0.316861549028668,0.882261173140427,FALSE,FALSE,0.135983947907204,0.00338403319416791,FALSE,TRUE,0.791183777876701,0.666515130600486,FALSE,FALSE
26,"B",0.179232882267803,0.235288756035898,FALSE,FALSE,0.626528815397795,0.226697859558817,FALSE,FALSE,0.243271058762932,0.797443437890332,FALSE,FALSE
27,"B",0.176471634265932,0.359266250761548,FALSE,FALSE,0.34569749767593,0.332359219025318,FALSE,FALSE,0.104968552339067,0.69485966445409,FALSE,FALSE
28,"B",0.53280196774712,0.326056186674702,FALSE,FALSE,0.73617370424197,0.00372412385800303,FALSE,TRUE,0.354626956957405,0.57239333137757,FALSE,FALSE
29,"B",0.184093012110028,0.664009083145672,FALSE,FALSE,0.229979309419564,0.0142324806526802,FALSE,TRUE,0.0368529333959451,0.22172207384098,TRUE,FALSE
30,"B",0.898103313139893,0.610586020481302,FALSE,FALSE,0.497129955064741,0.125709431332241,FALSE,FALSE,0.267094047382688,0.699388162791872,FALSE,FALSE
31,"B",0.435847778671349,0.366116472334334,FALSE,FALSE,0.159092051993706,0.189930157860294,FALSE,FALSE,0.182647083300734,0.068797556395248,FALSE,FALSE
32,"B",0.870428003079529,0.672393639399142,FALSE,FALSE,0.360751158635989,0.0180059188971016,FALSE,TRUE,0.95669818729812,0.415389586464358,FALSE,FALSE
33,"B",0.216728939559103,0.160170372909064,FALSE,FALSE,0.626392806263394,0.0208107638134472,FALSE,TRUE,0.00668285141432013,0.132486587348917,TRUE,FALSE
34,"B",0.586013451422237,0.103721865054466,FALSE,FALSE,0.454555899347512,0.00597289969941228,FALSE,TRUE,0.791709570693411,0.00752827912124342,FALSE,TRUE
35,"B",0.2633924119087,0.751735082553416,FALSE,FALSE,0.0176792371254515,0.000900119593322701,TRUE,TRUE,0.630231496625573,0.70741969100953,FALSE,FALSE
36,"B",0.605176796279028,0.740513988773751,FALSE,FALSE,0.306790900707141,0.0186598773570338,FALSE,TRUE,0.313808854418517,0.89905021372779,FALSE,FALSE
37,"B",0.629894862889388,0.60307874191575,FALSE,FALSE,0.636009579796362,0.00241139994351636,FALSE,TRUE,0.552886897383467,0.546996112813583,FALSE,FALSE
38,"B",0.997222256994678,0.592187583778575,FALSE,FALSE,0.497652142419221,0.00451116791232908,FALSE,TRUE,0.828390450623601,0.707676146537566,FALSE,FALSE
39,"B",0.587492110746991,0.893537799848741,FALSE,FALSE,0.998538881248335,0.149239684273825,FALSE,FALSE,0.703125028662266,0.77542010078303,FALSE,FALSE
40,"B",0.105890798644782,0.447486582615049,FALSE,FALSE,0.679734921190025,0.141539748869805,FALSE,FALSE,0.562608921125209,0.159441657189879,FALSE,FALSE
41,"B",0.0494924152534978,0.727821051913386,TRUE,FALSE,0.245578583083688,0.0378853996108757,FALSE,TRUE,0.119062077470254,0.758324190449178,FALSE,FALSE
42,"B",0.472333092883968,0.295279262852789,FALSE,FALSE,0.516098193621334,0.0109644503365598,FALSE,TRUE,0.538714936299719,0.610215565333713,FALSE,FALSE
43,"B",0.219126279190197,0.291884212546891,FALSE,FALSE,0.26109680573454,0.590940399299372,FALSE,FALSE,0.367635883168118,0.989124860895658,FALSE,FALSE
44,"B",0.533740577730622,0.0969276440474464,FALSE,FALSE,0.706325541990347,0.0154529676821772,FALSE,TRUE,0.279843298639733,0.00817449932593776,FALSE,TRUE
45,"B",0.521503221364404,0.861761941942109,FALSE,FALSE,0.720249300715788,0.0177856415676865,FALSE,TRUE,0.687587270778437,0.801794447324375,FALSE,FALSE
46,"B",0.843169060719318,0.713649351382,FALSE,FALSE,0.722003993391319,0.0309008923082376,FALSE,TRUE,0.848734948103848,0.125097206292012,FALSE,FALSE
47,"B",0.845261600422187,0.589405412547529,FALSE,FALSE,0.475986003667343,0.000770031860817699,FALSE,TRUE,0.835982623479234,0.397840926324158,FALSE,FALSE
48,"B",0.0871184464103836,0.203167286414755,FALSE,FALSE,0.391744035463415,0.0496171618515966,FALSE,TRUE,0.909464963361249,0.945807135939895,FALSE,FALSE
49,"B",0.258887916363044,0.540607746465187,FALSE,FALSE,0.626383980969599,3.75307899103117e-06,FALSE,TRUE,0.0632040524721499,0.497375933757662,FALSE,FALSE
50,"B",0.263846490961359,0.940430344532369,FALSE,FALSE,0.554043802355542,0.00100831777998334,FALSE,TRUE,0.79406759301972,0.430153403883625,FALSE,FALSE
51,"B",0.118179736472816,0.0167013712592888,FALSE,TRUE,0.0690349543072423,0.0260760431405974,FALSE,TRUE,0.650769683422204,0.456674381688098,FALSE,FALSE
52,"B",0.824097499115374,0.851666550971904,FALSE,FALSE,0.699397831501377,2.05984632136724e-05,FALSE,TRUE,0.694297301184105,0.739831545566298,FALSE,FALSE
53,"B",0.178490658529859,0.0188882248584013,FALSE,TRUE,0.0143854118607056,0.0045591340079506,TRUE,TRUE,0.360111642010743,0.0694878665122877,FALSE,FALSE
54,"B",0.603079894837299,0.759205962156236,FALSE,FALSE,0.167162358416722,0.0452010923849604,FALSE,TRUE,0.52115497620798,0.887697281023999,FALSE,FALSE
55,"B",0.36549290094376,0.325168886548837,FALSE,FALSE,0.396805202772278,0.118627609958564,FALSE,FALSE,0.322114714395388,0.890939420908302,FALSE,FALSE
56,"B",0.58369228589336,0.426765243115062,FALSE,FALSE,0.69104624696426,0.00378762846174108,FALSE,TRUE,0.495579850974548,0.856199396225292,FALSE,FALSE
57,"B",0.0809870804125942,0.496742149476051,FALSE,FALSE,0.0283212456548009,0.0110929047005631,TRUE,TRUE,0.981792003771368,0.351933053726443,FALSE,FALSE
58,"B",0.671365396432307,0.80295322426075,FALSE,FALSE,0.27551634920213,0.0176611905398645,FALSE,TRUE,0.646592755709734,0.20220434599899,FALSE,FALSE
59,"B",0.437435565986569,0.346706859968277,FALSE,FALSE,0.683883829437165,0.00217115342626106,FALSE,TRUE,0.376505612842491,0.469345933517692,FALSE,FALSE
60,"B",0.928506664924761,0.475951181270045,FALSE,FALSE,0.990161702121502,0.236537613491485,FALSE,FALSE,0.253192067208961,0.0416263692910914,FALSE,TRUE
61,"B",0.97794432067009,0.678084377127759,FALSE,FALSE,0.959343725087318,0.0330362765111775,FALSE,TRUE,0.554681642938957,0.162665507908652,FALSE,FALSE
62,"B",0.972375842354069,0.708442289724404,FALSE,FALSE,0.79682491821077,0.754940706059733,FALSE,FALSE,0.978197236866896,0.129124401909737,FALSE,FALSE
63,"B",0.504817610818979,0.665314163884197,FALSE,FALSE,0.869923779513503,0.0403326819638493,FALSE,TRUE,0.937129381543781,0.899548568571713,FALSE,FALSE
64,"B",0.455658610099874,0.838075729716423,FALSE,FALSE,0.923263604284387,0.00012170049944793,FALSE,TRUE,0.973653173141257,0.474232033045798,FALSE,FALSE
65,"B",0.0846496850132152,0.678640609327758,FALSE,FALSE,0.0525020685437595,0.519858167302725,FALSE,FALSE,0.315487050370389,0.139624279638255,FALSE,FALSE
66,"B",0.740036768729247,0.0830759453527171,FALSE,FALSE,0.911159481638028,0.0601413420445079,FALSE,FALSE,0.887336101551237,0.00368735853433306,FALSE,TRUE
67,"B",0.237156805398721,0.304498612353752,FALSE,FALSE,0.313337207102861,0.00881708114719959,FALSE,TRUE,0.664003467141073,0.571153144697095,FALSE,FALSE
68,"B",0.823318402667268,0.517374610230137,FALSE,FALSE,0.214460153276362,0.00110089703098604,FALSE,TRUE,0.82708973015177,0.162081666291,FALSE,FALSE
69,"B",0.389980223679488,0.945628789936069,FALSE,FALSE,0.686274293991477,0.00256278527479992,FALSE,TRUE,0.38765715497791,0.360423972003238,FALSE,FALSE
70,"B",0.00129445451663574,0.457233643773582,TRUE,FALSE,0.157544554017705,0.0245192466856301,FALSE,TRUE,0.00366231240656676,0.299539328018898,TRUE,FALSE
71,"B",0.379697410557525,0.042960786713014,FALSE,TRUE,0.811981882857714,0.0103693280731583,FALSE,TRUE,0.220103373190069,0.837069395960452,FALSE,FALSE
72,"B",0.248810035437077,0.673020991707569,FALSE,FALSE,0.00717031541630464,0.00668974934380118,TRUE,TRUE,0.482220810331151,0.420580724441054,FALSE,FALSE
73,"B",0.829288957976869,0.0911589931284015,FALSE,FALSE,0.3077913047177,0.211047000176988,FALSE,FALSE,0.944100253666656,0.0375102731269344,FALSE,TRUE
74,"B",0.511525672752873,0.309930757076647,FALSE,FALSE,0.754400463793177,0.324758745659822,FALSE,FALSE,0.0744797747718014,0.980796737569397,FALSE,FALSE
75,"B",0.093992520399768,0.14268084397631,FALSE,FALSE,0.177386565806112,0.0074802715683947,FALSE,TRUE,0.0754963371665262,0.00597564654458768,FALSE,TRUE
76,"B",0.604000504324904,0.176557107427685,FALSE,FALSE,0.269354838310213,0.136224808412859,FALSE,FALSE,0.279928190559834,0.558087479022935,FALSE,FALSE
77,"B",0.935700607053001,0.9908187835795,FALSE,FALSE,0.260763578078724,0.096202812071089,FALSE,FALSE,0.782263546606211,0.320319361535038,FALSE,FALSE
78,"B",0.321289353685865,0.518459170699398,FALSE,FALSE,0.462147217815565,0.0227939721124737,FALSE,TRUE,0.980396136602323,0.240905438285767,FALSE,FALSE
79,"B",0.644043322940768,0.557183805071681,FALSE,FALSE,0.142489038192261,0.000230067456312932,FALSE,TRUE,0.390343646938256,0.205731795793048,FALSE,FALSE
80,"B",0.26909747937959,0.0625253959887031,FALSE,FALSE,0.28696092546931,3.22294998023054e-06,FALSE,TRUE,0.223011621761743,0.0379677573044688,FALSE,TRUE
81,"B",0.0968699251074338,0.630921936020973,FALSE,FALSE,0.146649228585291,4.85489584886034e-05,FALSE,TRUE,0.0288053175323545,0.177041113910737,TRUE,FALSE
82,"B",0.0821213946297578,0.532535374002306,FALSE,FALSE,0.494632466218233,0.0053063214108322,FALSE,TRUE,0.139647795342981,0.284043665387779,FALSE,FALSE
83,"B",0.249983037156738,0.377792754253474,FALSE,FALSE,0.772001681217726,0.0631161347309328,FALSE,FALSE,0.322275169096503,0.12014567328103,FALSE,FALSE
84,"B",0.955785714595597,0.910208780890433,FALSE,FALSE,0.840161303838653,0.00566273152809205,FALSE,TRUE,0.71878095334451,0.59916438614217,FALSE,FALSE
85,"B",0.599623622462992,0.626340877150907,FALSE,FALSE,0.483203410989298,0.335305856086669,FALSE,FALSE,0.418129839973563,0.352199734579735,FALSE,FALSE
86,"B",0.88586425406437,0.532072520066166,FALSE,FALSE,0.76054697848006,0.14664737554661,FALSE,FALSE,0.48847530291288,0.302080173273518,FALSE,FALSE
87,"B",0.0350594871461006,0.0174796318110136,TRUE,TRUE,0.0266093515534538,0.00287285263203085,TRUE,TRUE,0.110761314506302,0.00919624896771336,FALSE,TRUE
88,"B",0.580487975727168,0.339474939911425,FALSE,FALSE,0.37756268798467,0.279174787816325,FALSE,FALSE,0.679648257717048,0.879943602209809,FALSE,FALSE
89,"B",0.701673920237126,0.847191356826164,FALSE,FALSE,0.798445526871495,0.175176679082279,FALSE,FALSE,0.659566369149831,0.289886242515329,FALSE,FALSE
90,"B",0.889406012116874,0.84270932470893,FALSE,FALSE,0.493781552621417,0.59590487420208,FALSE,FALSE,0.370652478923923,0.119948133096964,FALSE,FALSE
91,"B",0.596507175067339,0.104619469132436,FALSE,FALSE,0.821098964883888,0.0411479474415002,FALSE,TRUE,0.318035794108772,0.000307891508949535,FALSE,TRUE
92,"B",0.578443179525354,0.572344914138413,FALSE,FALSE,0.347564586597901,0.0577592411993301,FALSE,FALSE,0.415927916270322,0.410650623771211,FALSE,FALSE
93,"B",0.00790515253870416,0.404473452465215,TRUE,FALSE,0.252089471688062,0.0117579227853493,FALSE,TRUE,0.0603177417442151,0.761624971724023,FALSE,FALSE
94,"B",0.041632154520593,0.115773193304033,TRUE,FALSE,0.208577278353031,0.0465558751776111,FALSE,TRUE,0.00104347212113772,0.114517702967564,TRUE,FALSE
95,"B",0.955337307852158,0.148125398187998,FALSE,FALSE,0.837174242951225,0.029304218783561,FALSE,TRUE,0.9681589958032,0.781818345355946,FALSE,FALSE
96,"B",0.472662383005027,0.107102918065522,FALSE,FALSE,0.343143673890252,0.0156334692728443,FALSE,TRUE,0.615102014519034,0.00300940767690355,FALSE,TRUE
97,"B",0.610732320560948,0.319915135430508,FALSE,FALSE,0.492792194490501,0.12091006384957,FALSE,FALSE,0.597940347945853,0.205868540064364,FALSE,FALSE
98,"B",0.198322204649133,0.834472399317672,FALSE,FALSE,0.923027857479364,0.00255395196128438,FALSE,TRUE,0.755309728063819,0.36207241910759,FALSE,FALSE
99,"B",0.0762914034255043,0.783194978689917,FALSE,FALSE,0.400338636439303,0.0101660001403726,FALSE,TRUE,0.286932250225406,0.16698892777429,FALSE,FALSE
100,"B",0.23049468563195,0.0541561796141044,FALSE,FALSE,0.419805556293662,0.00347180967520677,FALSE,TRUE,0.205592186655153,0.206562740324554,FALSE,FALSE
101,"B",0.0148446908808207,0.432639360591976,TRUE,FALSE,0.278904752756084,0.00674809013860633,FALSE,TRUE,0.0335516050664869,0.635306043988432,TRUE,FALSE
102,"B",0.855748822033475,0.299447661198797,FALSE,FALSE,0.988724970419005,0.0296109670175491,FALSE,TRUE,0.239878177696325,0.193588287046886,FALSE,FALSE
103,"B",0.847054023945786,0.24336618764313,FALSE,FALSE,0.803316915283187,0.0787152518565513,FALSE,FALSE,0.703461915100081,0.965736037463659,FALSE,FALSE
104,"B",0.0246706083691334,0.389730342888247,TRUE,FALSE,0.168532817430206,0.0011354130963217,FALSE,TRUE,0.0758334861254551,0.48902612611791,FALSE,FALSE
105,"B",0.884436459071129,0.903215319053803,FALSE,FALSE,0.6599105010795,0.259545824588365,FALSE,FALSE,0.91921792998259,0.505240948669252,FALSE,FALSE
106,"B",0.736820227618237,0.91889252213303,FALSE,FALSE,0.519391817694391,0.00125020146402599,FALSE,TRUE,0.482923664182168,0.093969572124565,FALSE,FALSE
107,"B",0.128817838866044,0.0671046649132443,FALSE,FALSE,0.0975357343966353,0.0170124556854542,FALSE,TRUE,0.0911602209354835,0.126757092947229,FALSE,FALSE
108,"B",0.832788375111599,0.358250842818373,FALSE,FALSE,0.515271625438918,0.0492036391915056,FALSE,TRUE,0.172711340396032,0.140835556086589,FALSE,FALSE
109,"B",0.828825529393839,0.912207690347132,FALSE,FALSE,0.246973914335226,0.000237887269384451,FALSE,TRUE,0.770719133804427,0.933057595139494,FALSE,FALSE
110,"B",0.14292895295669,0.507809008759548,FALSE,FALSE,0.357698895075833,0.0080601303479485,FALSE,TRUE,0.337499039315344,0.28863698541905,FALSE,FALSE
111,"B",0.896079415377137,0.497153598951336,FALSE,FALSE,0.779618877315827,0.0044472098257039,FALSE,TRUE,0.775579675420387,0.18326965664317,FALSE,FALSE
112,"B",0.695869976499556,0.431934741038173,FALSE,FALSE,0.689699559395221,0.144348379675594,FALSE,FALSE,0.880123358523616,0.0677536928685459,FALSE,FALSE
113,"B",0.94731099909059,0.455414752621685,FALSE,FALSE,0.439457855903203,0.363829686428843,FALSE,FALSE,0.637147926340965,0.271992104582786,FALSE,FALSE
114,"B",0.376098898319319,0.32442147609599,FALSE,FALSE,0.512040850413679,0.128083526062684,FALSE,FALSE,0.786454858181706,0.349281726279512,FALSE,FALSE
115,"B",0.996067845458629,0.572558653817177,FALSE,FALSE,0.647070675639012,0.231323657115621,FALSE,FALSE,0.110765419352335,0.151147537903142,FALSE,FALSE
116,"B",0.330880118117094,0.140500106004068,FALSE,FALSE,0.53355737909401,0.000202661633692758,FALSE,TRUE,0.60881233942943,0.326046373992728,FALSE,FALSE
117,"B",0.27736677561417,0.0534215834238675,FALSE,FALSE,0.178973574144487,0.00214662091125939,FALSE,TRUE,0.662279244456513,0.463473967818566,FALSE,FALSE
118,"B",0.118876230382693,0.630434077021133,FALSE,FALSE,0.126770277635234,0.0015611677432672,FALSE,TRUE,0.397603158090058,0.40331151698899,FALSE,FALSE
119,"B",0.142855292644669,0.460811927946598,FALSE,FALSE,0.446245113254046,0.0324996700294364,FALSE,TRUE,0.205470469522694,0.82626173229575,FALSE,FALSE
120,"B",0.0919618777435606,0.201867951035829,FALSE,FALSE,0.236128789949585,0.156256273914463,FALSE,FALSE,0.87236242167786,0.872976671325566,FALSE,FALSE
121,"B",0.353863809323115,0.446093621833994,FALSE,FALSE,0.0596697442946648,0.000275974403307622,FALSE,TRUE,0.270972557422101,0.668995970362034,FALSE,FALSE
122,"B",0.549189126314689,0.673718442104113,FALSE,FALSE,0.99669930379628,0.00686042495654027,FALSE,TRUE,0.238830103274442,0.220023679673418,FALSE,FALSE
123,"B",0.946809053954361,0.139127734960622,FALSE,FALSE,0.0686168924069824,0.00301005929191467,FALSE,TRUE,0.194860989169826,0.451388947624354,FALSE,FALSE
124,"B",0.496437468480943,0.854359252572936,FALSE,FALSE,0.420430728415023,0.0611639724132789,FALSE,FALSE,0.72403724061616,0.732346248328802,FALSE,FALSE
125,"B",0.027064205158998,0.625857532830486,TRUE,FALSE,0.825267234666957,0.000315252905331409,FALSE,TRUE,0.0368997659085859,0.393314455757648,TRUE,FALSE
126,"B",0.244444323736435,0.567221901646645,FALSE,FALSE,0.714899725378572,0.00730125674489046,FALSE,TRUE,0.987665972595115,0.178891835714295,FALSE,FALSE
127,"B",0.967413984026543,0.0313457169570382,FALSE,TRUE,0.884791169206649,0.0166037581943977,FALSE,TRUE,0.995716568893107,0.118346657420943,FALSE,FALSE
128,"B",0.125253417296477,0.0277243578576057,FALSE,TRUE,0.533219770067369,0.0533427023216984,FALSE,FALSE,0.740188269634893,0.810685883138054,FALSE,FALSE
129,"B",0.852430948986177,0.945476766052485,FALSE,FALSE,0.372355221772705,0.0233633858686513,FALSE,TRUE,0.817885633060615,0.956222133574386,FALSE,FALSE
130,"B",0.0556381127353204,0.983844676059507,FALSE,FALSE,0.599892344565069,0.0455268714200369,FALSE,TRUE,0.250175261139321,0.322042701491266,FALSE,FALSE
131,"B",0.894626161513303,0.890542430496838,FALSE,FALSE,0.40766480410007,0.0210285492977174,FALSE,TRUE,0.807691745971964,0.394570818412487,FALSE,FALSE
132,"B",0.941266048052051,0.702612748254103,FALSE,FALSE,0.476066374432203,0.0907042383733203,FALSE,FALSE,0.842166054956774,0.913182413506743,FALSE,FALSE
133,"B",0.384718323380259,0.221626412285271,FALSE,FALSE,0.330385384752727,0.00301004350816558,FALSE,TRUE,0.139261713192215,0.941132065982829,FALSE,FALSE
134,"B",0.531641812922482,0.260892225671728,FALSE,FALSE,0.666958315061442,0.000967822829070708,FALSE,TRUE,0.2700913006284,0.450270721418508,FALSE,FALSE
135,"B",0.831645297667673,0.0487611519370723,FALSE,TRUE,0.97439816444807,0.00401061762215282,FALSE,TRUE,0.952495127521399,0.0157775808295225,FALSE,TRUE
136,"B",0.539059887890229,0.425383071869874,FALSE,FALSE,0.589294271897643,0.00640640317095909,FALSE,TRUE,0.0799389483434991,0.0648566812438359,FALSE,FALSE
137,"B",0.309881837919669,0.694037118239561,FALSE,FALSE,0.258016327488339,0.00133054434834878,FALSE,TRUE,0.223105568420128,0.0314123515889538,FALSE,TRUE
138,"B",0.644597516952239,0.682840960100184,FALSE,FALSE,0.249844297717111,0.520743687470916,FALSE,FALSE,0.903649697788346,0.454192098433561,FALSE,FALSE
139,"B",0.32580706124108,0.797190538561485,FALSE,FALSE,0.25741386654058,0.00405667052891112,FALSE,TRUE,0.00457273027492257,0.92218808213683,TRUE,FALSE
140,"B",0.695119514217065,0.319975782556951,FALSE,FALSE,0.211159002235831,0.00227860193321083,FALSE,TRUE,0.443761706752791,0.136476726553839,FALSE,FALSE
141,"B",0.850138378971401,0.962029902835275,FALSE,FALSE,0.937901503450537,0.0243333490651172,FALSE,TRUE,0.186795242387803,0.413570079167011,FALSE,FALSE
142,"B",0.9842920354027,0.268435067072464,FALSE,FALSE,0.908815313277752,0.0009745784661499,FALSE,TRUE,0.11719424442979,0.0364214338185955,FALSE,TRUE
143,"B",0.0274094016749315,0.157465991367775,TRUE,FALSE,0.0462517396931781,0.0447131076487809,TRUE,TRUE,0.00757341365863961,0.082922600564006,TRUE,FALSE
144,"B",0.397046649587086,0.238265147058186,FALSE,FALSE,0.397221706387786,0.00127533530090407,FALSE,TRUE,0.39930560916081,0.0852890115603424,FALSE,FALSE
145,"B",0.40673207913175,0.750685466957141,FALSE,FALSE,0.355546944574592,0.0784230906632674,FALSE,FALSE,0.848044245919522,0.242625254913467,FALSE,FALSE
146,"B",0.877678915190304,0.295495497016217,FALSE,FALSE,0.705728661733405,0.00161039475035629,FALSE,TRUE,0.942844294221998,0.699571388920476,FALSE,FALSE
147,"B",0.715669206073301,0.466410335103399,FALSE,FALSE,0.825588465394545,0.151395535929816,FALSE,FALSE,0.876821180981393,0.548015276318535,FALSE,FALSE
148,"B",0.875891514557765,0.494934970299621,FALSE,FALSE,0.695929173056625,0.000714721046227051,FALSE,TRUE,0.900555534992558,0.0987518909683639,FALSE,FALSE
149,"B",0.96283640126892,0.349648414465305,FALSE,FALSE,0.3755979083643,3.56356596061813e-05,FALSE,TRUE,0.724227019819562,0.144796910380198,FALSE,FALSE
150,"B",0.00245927609834993,0.295887395733195,TRUE,FALSE,0.045584865280161,0.00113205655108528,TRUE,TRUE,0.00219356966742325,0.461309876328638,TRUE,FALSE
151,"B",0.967039428520006,0.773790645798017,FALSE,FALSE,0.56272302055799,0.0288224051657097,FALSE,TRUE,0.91372163941751,0.902974943700321,FALSE,FALSE
152,"B",0.458003686234572,0.165371460329381,FALSE,FALSE,0.734157712010599,0.0149898051570894,FALSE,TRUE,0.624930036448894,0.344009343440081,FALSE,FALSE
153,"B",0.162900416351278,0.901035875081908,FALSE,FALSE,0.74298636080514,0.321620822911813,FALSE,FALSE,0.661772670411446,0.368051867097588,FALSE,FALSE
154,"B",0.0371445172354908,0.554314328448836,TRUE,FALSE,0.142653321454408,0.0028001496188037,FALSE,TRUE,0.34263730408765,0.0150441649499596,FALSE,TRUE
155,"B",0.794486806417809,0.691701605152033,FALSE,FALSE,0.0508117867099073,0.0339902940545074,FALSE,TRUE,0.533336738036602,0.828553829771496,FALSE,FALSE
156,"B",0.774456812047298,0.917248058312161,FALSE,FALSE,0.776240682604724,0.00634576356675576,FALSE,TRUE,0.557798826373694,0.158964206513109,FALSE,FALSE
157,"B",0.146529570111627,0.541445282660807,FALSE,FALSE,0.587413567489066,0.0131690865969845,FALSE,TRUE,0.0873007518463972,0.242699847679395,FALSE,FALSE
158,"B",0.861441300835267,0.0109811646888664,FALSE,TRUE,0.472116160577447,0.00178734059771024,FALSE,TRUE,0.912955168349736,0.00367373431285087,FALSE,TRUE
159,"B",0.104901209967796,0.788051981807309,FALSE,FALSE,0.0317247144211424,0.0528317530777949,TRUE,FALSE,0.22504362047543,0.180357669445475,FALSE,FALSE
160,"B",0.0613899324243519,0.405942636394848,FALSE,FALSE,0.530484048461713,0.0256279721095017,FALSE,TRUE,0.00748974675942322,0.301705447991242,TRUE,FALSE
161,"B",0.334512159942441,0.484101782800734,FALSE,FALSE,0.608408160597874,0.0228391117030389,FALSE,TRUE,0.0780256406019927,0.636362743635967,FALSE,FALSE
162,"B",0.963891596490011,0.977894317062064,FALSE,FALSE,0.0185562525955539,0.0774141230028094,TRUE,FALSE,0.403014503250963,0.82400925731486,FALSE,FALSE
163,"B",0.273370615595174,0.771029090499585,FALSE,FALSE,0.728652108715371,0.0138084609422692,FALSE,TRUE,0.101222699787576,0.497032338353831,FALSE,FALSE
164,"B",0.251571929463563,0.570242683865985,FALSE,FALSE,0.553433944378917,0.000647544754474594,FALSE,TRUE,0.737312704663948,0.0170055850212124,FALSE,TRUE
165,"B",0.232509957564637,0.357806122365649,FALSE,FALSE,0.155044182036631,0.0442589144378284,FALSE,TRUE,0.13884521757613,0.369372728994773,FALSE,FALSE
166,"B",0.427660966707237,0.822510178377497,FALSE,FALSE,0.424745784292447,0.00723180328998285,FALSE,TRUE,0.999559401660733,0.738277056995123,FALSE,FALSE
167,"B",0.285665515936044,0.0878227274431831,FALSE,FALSE,0.62081320111702,0.0464968107717687,FALSE,TRUE,0.117869103697859,0.000568781934805614,FALSE,TRUE
168,"B",0.408906981981767,0.0133877310096599,FALSE,TRUE,0.733774734427596,0.0020848351862246,FALSE,TRUE,0.471560362869922,0.00490136739581842,FALSE,TRUE
169,"B",0.83010980403457,0.0726094990737081,FALSE,FALSE,0.831102795811058,0.00236519906258947,FALSE,TRUE,0.244091361562762,0.0213627123891268,FALSE,TRUE
170,"B",0.277577846089073,0.542243223907757,FALSE,FALSE,0.155280427703429,0.0748699901234335,FALSE,FALSE,0.0458875475953722,0.995389383693149,TRUE,FALSE
171,"B",0.275886792245199,0.16316745303486,FALSE,FALSE,0.513831419744701,0.0114100281321478,FALSE,TRUE,0.921981415715357,0.0411067493021459,FALSE,TRUE
172,"B",0.711868812831654,0.603084522178154,FALSE,FALSE,0.16374840983926,0.310340971762611,FALSE,FALSE,0.320207987182852,0.668733293491176,FALSE,FALSE
173,"B",0.0526772438751151,0.478947624021824,FALSE,FALSE,0.0894494884966532,0.00302688001342299,FALSE,TRUE,0.239746631890481,0.0295211213493249,FALSE,TRUE
174,"B",0.681946001080713,0.647059144571625,FALSE,FALSE,0.0556000003625147,0.0231003872628093,FALSE,TRUE,0.214544894828303,0.158773047644304,FALSE,FALSE
175,"B",0.258081494651085,0.0396013942034535,FALSE,TRUE,0.503372390668889,0.000298723002892798,FALSE,TRUE,0.164123178938463,0.204993339889583,FALSE,FALSE
176,"B",0.209346912787206,0.937580797004634,FALSE,FALSE,0.120991876336157,0.028306056340603,FALSE,TRUE,0.694108182018608,0.260666872390369,FALSE,FALSE
177,"B",0.944477658934601,0.982677539152395,FALSE,FALSE,0.953457730295325,0.00474034381592969,FALSE,TRUE,0.696647408560497,0.73997309391429,FALSE,FALSE
178,"B",0.452025415174711,0.0267295541960783,FALSE,TRUE,0.505901072329257,0.00151699663218696,FALSE,TRUE,0.195517540962607,0.554269901815599,FALSE,FALSE
179,"B",0.424152253007349,0.210216890803666,FALSE,FALSE,0.479157855709585,0.000237236547960706,FALSE,TRUE,0.0715169945384509,0.0659234074771515,FALSE,FALSE
180,"B",0.314344703693883,0.1416643291217,FALSE,FALSE,0.822471767320367,0.0357535407663969,FALSE,TRUE,0.503977530439722,0.147322909148202,FALSE,FALSE
181,"B",0.615576637444299,0.118207741839613,FALSE,FALSE,0.666832997423592,0.301599110452978,FALSE,FALSE,0.745439263653027,0.0288676535126138,FALSE,TRUE
182,"B",0.764349066112415,0.0175385723925424,FALSE,TRUE,0.757515071565272,0.000106660775620271,FALSE,TRUE,0.82305295188671,0.0988635814548766,FALSE,FALSE
183,"B",0.172807590666093,0.0640902725619613,FALSE,FALSE,0.0569133749526902,0.0744864919778225,FALSE,FALSE,0.857925711667071,0.605809043976316,FALSE,FALSE
184,"B",0.169636409093152,0.373482994071163,FALSE,FALSE,0.401211155606222,0.0256637528337592,FALSE,TRUE,0.00876849481913447,0.899492983478405,TRUE,FALSE
185,"B",0.109925855588454,0.2420641130474,FALSE,FALSE,0.354258611500962,0.20537375161507,FALSE,FALSE,0.633766426181399,0.00902320031642735,FALSE,TRUE
186,"B",0.689793442285219,0.176363023877657,FALSE,FALSE,0.833213486445851,0.00662739463335194,FALSE,TRUE,0.561563374711882,0.972974958678934,FALSE,FALSE
187,"B",0.453278269382391,0.52076596547268,FALSE,FALSE,0.609987520874982,0.548997183297666,FALSE,FALSE,0.962158074487287,0.235584219304356,FALSE,FALSE
188,"B",0.156303263630248,0.112629237210098,FALSE,FALSE,0.816363744459631,0.209143531671159,FALSE,FALSE,0.0703695206949269,0.12141823205439,FALSE,FALSE
189,"B",0.292764752618719,0.00663546104010343,FALSE,TRUE,0.0905049324234818,0.104449609860371,FALSE,FALSE,0.193299716125833,0.0353469268054792,FALSE,TRUE
190,"B",0.178549654422071,0.256154658850973,FALSE,FALSE,0.0961788104206877,0.187344746443154,FALSE,FALSE,0.556478314886428,0.00911649382681226,FALSE,TRUE
191,"B",0.470100057716287,0.383190724420158,FALSE,FALSE,0.370016546331021,0.0259747897952231,FALSE,TRUE,0.741759008986133,0.0762697980892795,FALSE,FALSE
192,"B",0.969375626974771,0.741298905180857,FALSE,FALSE,0.294492685559465,0.00177366589393246,FALSE,TRUE,0.615962416090398,0.052104058930618,FALSE,FALSE
193,"B",0.131616964121516,0.848266961135825,FALSE,FALSE,0.428482821670316,0.0307942954784856,FALSE,TRUE,0.233156641635829,0.182596295822315,FALSE,FALSE
194,"B",0.00408244803687023,0.212414672857406,TRUE,FALSE,0.239541738984879,0.0263327599333675,FALSE,TRUE,0.000502987517311486,0.165009574589427,TRUE,FALSE
195,"B",0.188737438708966,0.857106730762633,FALSE,FALSE,0.637313482098794,0.00192372403741492,FALSE,TRUE,0.364087667348512,0.15408918079725,FALSE,FALSE
196,"B",0.872643698212808,0.375708017351889,FALSE,FALSE,0.194187472544348,0.00282398548747731,FALSE,TRUE,0.90271005119177,0.0621773145204642,FALSE,FALSE
197,"B",0.391919285812797,0.221554536289927,FALSE,FALSE,0.711342947647054,0.0271946319605156,FALSE,TRUE,0.631549000194346,0.125464559884719,FALSE,FALSE
198,"B",0.369442146923428,0.349946748457831,FALSE,FALSE,0.267574904103558,0.000531570226441236,FALSE,TRUE,0.353020314745405,0.433997880268003,FALSE,FALSE
199,"B",0.894362039164941,0.565650021103922,FALSE,FALSE,0.633466305861796,0.0132136880017653,FALSE,TRUE,0.417697671648671,0.449196452579804,FALSE,FALSE
200,"B",0.243370738640925,0.300118123062678,FALSE,FALSE,0.343607641506155,0.00165289731625584,FALSE,TRUE,0.39838687016418,0.149900554870297,FALSE,FALSE
