"replication_id","N","simulator","gcm_null_p","gcm_alt_p","gcm_null_reject","gcm_alt_reject","kci_null_p","kci_alt_p","kci_null_reject","kci_alt_reject","rcot_null_p","rcot_alt_p","rcot_null_reject","rcot_alt_reject","pcor_null_p","pcor_alt_p","pcor_null_reject","pcor_alt_reject","ks_Z1_p","ks_Z2_p","ks_Z3_p","ks_Y_p","delta_Z1_mean_abs","delta_Z2_mean_abs","delta_Z3_mean_abs","delta_Z2_mean_abs_tail","delta_Z3_mean_abs_tail","delta_Z2_mean_abs_mid","delta_Z3_mean_abs_mid"
1,1000,"BN",0.243008829864559,0.787671489154727,FALSE,FALSE,NA,NA,NA,NA,0.555217909862846,0.0376016755695131,FALSE,TRUE,0.252378494347754,0.920811095064084,FALSE,FALSE,0.702246638992426,0.839394068212909,0.839343506618647,0.985757718052196,1.25264382200285e-17,0.216749708003589,0.268198998446663,0.195087342413014,0.282094937920696,0.21923713682837,0.266858162181625
2,1000,"BN",0.0509087642426906,0.209389699571755,FALSE,FALSE,NA,NA,NA,NA,0.302078304563374,0.108297861232587,FALSE,FALSE,0.0250519805221305,0.702673498000016,TRUE,FALSE,0.0468793089305809,0.594588390198092,0.521960839057865,0.258419598719428,1.25804585932726e-17,0.205719315076464,0.264014550709491,0.134661401409964,0.276992967280075,0.212235542967278,0.262491943178864
3,1000,"BN",0.584543872292205,0.0428170300980002,FALSE,TRUE,NA,NA,NA,NA,0.545222450595252,0.00106305861405287,FALSE,TRUE,0.690125362169367,0.934138364888707,FALSE,FALSE,0.164348692501613,0.294413054234426,0.599378746895019,0.0397048345175453,1.42939046016144e-17,0.208847659100537,0.272647807353872,0.148798120881871,0.334011347864359,0.217113864020285,0.266131325175768
4,1000,"BN",0.21405578882873,0.217326026703332,FALSE,FALSE,NA,NA,NA,NA,0.238613715800364,0.0180388183787688,FALSE,TRUE,0.629149114391824,0.866193441113666,FALSE,FALSE,0.8287622249307,0.609219738180216,0.335152865794174,0.826433825526202,1.32881986664168e-17,0.202946404294693,0.265336336034137,0.134933919808804,0.243566010202322,0.21118109972572,0.268165248430362
5,1000,"BN",0.13210665640227,0.379603214541699,FALSE,FALSE,NA,NA,NA,NA,0.547443480199993,0.0365654357863364,FALSE,TRUE,0.307410907607135,0.33479813210244,FALSE,FALSE,0.206308774208873,0.362397246952337,0.805453238258155,0.729852191122188,1.18956493960765e-17,0.202786229548033,0.274362134706429,0.147749404575364,0.282366657844532,0.209380787523481,0.273560801807015
6,1000,"BN",0.303774206302021,0.418907006420814,FALSE,FALSE,NA,NA,NA,NA,0.695211914728846,0.00811919456583632,FALSE,TRUE,0.845716758134249,0.0642461857544157,FALSE,FALSE,0.973760815516324,0.662899238886141,0.917172469889577,0.655109643532857,1.19492089833972e-17,0.209671715466786,0.253328210362989,0.132132632618498,0.274908159614747,0.217434153903744,0.251219960655627
7,1000,"BN",0.846207004646132,0.801538198779186,FALSE,FALSE,NA,NA,NA,NA,0.408277904236745,0.000103973203584684,FALSE,TRUE,0.888147742299142,0.696073444501997,FALSE,FALSE,0.903139685148191,0.459191703737298,0.905669567206832,0.165542572518806,1.36752588419942e-17,0.210050743608569,0.261168845909009,0.194047736934234,0.278447686361395,0.211828855461272,0.259184765009794
8,1000,"BN",0.473762077040445,0.0295398465445723,FALSE,TRUE,NA,NA,NA,NA,0.406215516745367,0.113048930310712,FALSE,FALSE,0.0457633905062385,0.131842121652383,TRUE,FALSE,0.097552303216016,0.107611735556353,0.243992527558607,0.426634013912334,1.23668436602387e-17,0.217676858630791,0.275067513321673,0.140528634156168,0.314374703384836,0.227505211917862,0.27094134419902
9,1000,"BN",0.796446072613408,0.774357077869694,FALSE,FALSE,NA,NA,NA,NA,0.383032613064412,0.00823996029805629,FALSE,TRUE,0.598155094404907,0.869885048134851,FALSE,FALSE,0.70194864322611,0.359944436013795,0.269912763197442,0.389039578311228,1.13994642718385e-17,0.207729590367849,0.261061420387166,0.144815437114871,0.256620677416693,0.215346999057671,0.261576863767667
10,1000,"BN",0.32324999855196,0.591182120559277,FALSE,FALSE,NA,NA,NA,NA,0.33032813878566,0.326742431492069,FALSE,FALSE,0.469555424535349,0.644869672527515,FALSE,FALSE,0.948074145746777,0.170087163056438,0.390434212558272,0.52109555608978,1.35158811226388e-17,0.213653743953386,0.258872689279524,0.166414391150023,0.269677185449637,0.21907810664987,0.25771207341186
11,1000,"BN",0.916695706744195,0.308505146457771,FALSE,FALSE,NA,NA,NA,NA,0.760737858283845,0.00927591015775675,FALSE,TRUE,0.626331758010643,0.902712775128284,FALSE,FALSE,0.855223836368086,0.446256920269495,0.331346781190695,0.742374791158615,1.26851654180804e-17,0.19931581457057,0.272679513464385,0.114216213473459,0.279994222851432,0.210482730551638,0.271866767976936
12,1000,"BN",0.00265802354960775,0.0521614159397536,TRUE,FALSE,NA,NA,NA,NA,0.529353273183506,0.0284259063257244,FALSE,TRUE,0.00180302235609341,0.0875091182810786,TRUE,FALSE,0.535021830843048,0.412092296130015,0.424738487444371,0.432820972100077,1.3461101807874e-17,0.213210791229625,0.270297120518856,0.178768712665231,0.240069889752981,0.217080257230742,0.273396494787022
13,1000,"BN",0.44926344344194,0.867631483032884,FALSE,FALSE,NA,NA,NA,NA,0.254772269112546,0.0635838469135485,FALSE,FALSE,0.543373756869934,0.642498056154643,FALSE,FALSE,0.96634758946958,0.690757800703312,0.970167086921677,0.540666116246548,1.25878040629912e-17,0.206478907909395,0.273679779647138,0.163914819069936,0.296553491047098,0.211847351546805,0.271024795288214
14,1000,"BN",0.191223781769431,0.034490887755802,FALSE,TRUE,NA,NA,NA,NA,0.128855085490186,0.103738077443386,FALSE,FALSE,0.646336669030138,0.956901871107106,FALSE,FALSE,0.604243979334661,0.763728455674099,0.899227110280768,0.563925526373859,1.43126341941441e-17,0.204064503113256,0.269750009565851,0.160527061191603,0.317024283028556,0.208634731823264,0.26535841039172
15,1000,"BN",0.950350901212225,0.815479465369696,FALSE,FALSE,NA,NA,NA,NA,0.140693925929763,0.401142838001561,FALSE,FALSE,0.244938443657366,0.789748108322762,FALSE,FALSE,0.107440794497993,0.369591182882039,0.192996756661582,0.220962321955325,1.14022831974869e-17,0.217043860790449,0.263269432856683,0.182462933665264,0.28623440985168,0.220505757785379,0.260517750282814
16,1000,"BN",0.116835318831888,0.92046866717674,FALSE,FALSE,NA,NA,NA,NA,0.489583316885958,0.367329355035008,FALSE,FALSE,0.0836277737645716,0.675830561174831,FALSE,FALSE,0.32987004837511,0.615059909705169,0.605391971249597,0.0376174769166737,1.13195043616177e-17,0.20053185563935,0.266440943451244,0.156326231024198,0.286374126281035,0.20560786381701,0.263952098351011
17,1000,"BN",0.878442430096156,0.442000919924959,FALSE,FALSE,NA,NA,NA,NA,0.717140623149258,0.0641830105035118,FALSE,FALSE,0.730788028237366,0.843652693148782,FALSE,FALSE,0.817810181693531,0.134093501502554,0.148270423921096,0.512492906954861,1.1932078589072e-17,0.207017361556773,0.262631581670814,0.142028797677426,0.310969020099638,0.21664253347461,0.25690029702489
18,1000,"BN",0.847931643120617,0.268514305850168,FALSE,FALSE,NA,NA,NA,NA,0.585287182881193,0.00537083545131356,FALSE,TRUE,0.545644308207106,0.0191136086112293,FALSE,TRUE,0.395476236125326,0.327367941484409,0.522018827843832,0.542224831247968,1.22380404421474e-17,0.214672608821531,0.255958114464442,0.173234651862916,0.252376826396665,0.219225725068926,0.256342815397526
19,1000,"BN",0.621343257538963,0.826408794431815,FALSE,FALSE,NA,NA,NA,NA,0.272369258643307,0.00634796210542754,FALSE,TRUE,0.184372839610298,0.487898687098099,FALSE,FALSE,0.668192560624341,0.486702446822131,0.952041251519596,0.691993983569612,1.29165883717974e-17,0.205698904328704,0.279491839203661,0.157115935314606,0.287215514947761,0.211581147213819,0.27853722759484
20,1000,"BN",0.0358999550411888,0.737892641619669,TRUE,FALSE,NA,NA,NA,NA,0.197449466167188,1.42196640336989e-05,FALSE,TRUE,0.0123830614936491,0.872009279269983,TRUE,FALSE,0.149524849878514,0.00165839800007084,0.0103906016656528,0.166438456237144,1.22571224003831e-17,0.194281428397879,0.268056608900751,0.141876051567985,0.266460776277976,0.200429545232671,0.268299293124491
21,1000,"BN",0.492599352832629,0.535278326987807,FALSE,FALSE,NA,NA,NA,NA,0.161279145230831,0.0505384997242414,FALSE,FALSE,0.539900050759732,0.685725646396882,FALSE,FALSE,0.534163792441411,0.746967290739773,0.992616371106949,0.700514562163495,1.34272475950381e-17,0.208517041794464,0.270300759500665,0.165360221472298,0.312139777615024,0.21396024435762,0.265651979710181
22,1000,"BN",0.941263800443126,0.395507601759214,FALSE,FALSE,NA,NA,NA,NA,0.879837908810541,0.0764759697779643,FALSE,FALSE,0.904845540940799,0.072074588752626,FALSE,FALSE,0.352912036638861,0.894912634951215,0.604674114254347,0.967019836075957,1.34480100666412e-17,0.209949818443729,0.263632882176698,0.150469240049359,0.265544318644189,0.216048709061894,0.263403852275218
23,1000,"BN",0.0277708116541173,0.43306725448878,TRUE,FALSE,NA,NA,NA,NA,0.0536489082223774,0.0118492675301938,FALSE,TRUE,0.0161283686934878,0.701657653436858,TRUE,FALSE,0.61728776605874,0.840638964613871,0.769159707063101,0.398618767370915,1.32586677097438e-17,0.214737731368821,0.269389878108026,0.151183015200338,0.2791291181924,0.222592808648072,0.268331734506841
24,1000,"BN",0.990628469237025,0.497858282711492,FALSE,FALSE,NA,NA,NA,NA,0.221530889646915,0.00860409465769862,FALSE,TRUE,0.87755727661107,0.680786074006426,FALSE,FALSE,0.0910707073978633,0.74081360732949,0.218199884741537,0.186128149032278,1.11820546312008e-17,0.20011407473567,0.260331099562669,0.145272758344162,0.295752430980666,0.206547972189422,0.256785069684739
25,1000,"BN",0.316861549028668,0.882261173140427,FALSE,FALSE,NA,NA,NA,NA,0.0407603921994332,1.60766800316736e-07,TRUE,TRUE,0.791183777876701,0.666515130600486,FALSE,FALSE,0.251264353259867,0.359076142048505,0.463708420301313,0.640285811632536,1.15523909882675e-17,0.198626959581167,0.255869466687123,0.140346255853662,0.27895437710555,0.20362606446116,0.253361350034123
26,1000,"BN",0.179232882267803,0.235288756035898,FALSE,FALSE,NA,NA,NA,NA,0.725282928719205,0.0715786580843956,FALSE,FALSE,0.243271058762932,0.797443437890332,FALSE,FALSE,0.816877184992507,0.602243765380749,0.532122474268336,0.878269108410951,1.24541219351237e-17,0.203835548692645,0.273361858825114,0.185133921398087,0.327342192957729,0.205959786982227,0.267892485763219
27,1000,"BN",0.176471634265932,0.359266250761548,FALSE,FALSE,NA,NA,NA,NA,0.137189560427229,0.093107105433842,FALSE,FALSE,0.104968552339067,0.69485966445409,FALSE,FALSE,0.867587736558132,0.0854322502781041,0.0555857811562405,0.82284141585865,1.32491944932617e-17,0.204690118590618,0.260341672059267,0.16336875668028,0.307466383086821,0.209128847389403,0.255680986353245
28,1000,"BN",0.53280196774712,0.326056186674702,FALSE,FALSE,NA,NA,NA,NA,0.813175629755782,0.000296366814030891,FALSE,TRUE,0.354626956957405,0.57239333137757,FALSE,FALSE,0.410416876765478,0.532078510194709,0.852017591688238,0.8266287383475,1.15745087125863e-17,0.197743182629516,0.261712038567763,0.16497263932262,0.26868804228215,0.200631554781702,0.260971224014023
29,1000,"BN",0.184093012110028,0.664009083145672,FALSE,FALSE,NA,NA,NA,NA,0.893809363287368,0.221543007432839,FALSE,FALSE,0.0368529333959451,0.22172207384098,TRUE,FALSE,0.37584891548232,0.791060139645819,0.855216425167857,0.731318014472329,1.13787018002354e-17,0.205102817600397,0.259249850817766,0.200981121390566,0.299507031973303,0.205591519835567,0.254826475751842
30,1000,"BN",0.898103313139893,0.610586020481302,FALSE,FALSE,NA,NA,NA,NA,0.343094660216849,0.51312918773446,FALSE,FALSE,0.267094047382688,0.699388162791872,FALSE,FALSE,0.187771921860966,0.0863460925819083,0.112153506092126,0.160198181460182,1.49671941507279e-17,0.211567091960296,0.263695002617391,0.155835505342198,0.269909626962167,0.217828371435744,0.262996807891226
31,1000,"BN",0.435847778671349,0.366116472334334,FALSE,FALSE,NA,NA,NA,NA,0.124567589500746,0.00386326390536651,FALSE,TRUE,0.182647083300734,0.068797556395248,FALSE,FALSE,0.428488985275872,0.315016898320843,0.579503219749208,0.649797544625897,1.31411808518278e-17,0.218463842055136,0.264991842030726,0.190534082443251,0.301628901477479,0.221464048790854,0.260739326202085
32,1000,"BN",0.870428003079529,0.672393639399142,FALSE,FALSE,NA,NA,NA,NA,0.138837398738373,0.0144075924318173,FALSE,TRUE,0.95669818729812,0.415389586464358,FALSE,FALSE,0.455119501665196,0.910667547463589,0.859669497372975,0.943260328983469,1.35889563490643e-17,0.218857829663001,0.266461913143631,0.159278904861859,0.266910359437416,0.225477710196461,0.266404783006993
33,1000,"BN",0.216728939559103,0.160170372909064,FALSE,FALSE,NA,NA,NA,NA,0.543571732002195,0.0076921991210811,FALSE,TRUE,0.00668285141432013,0.132486587348917,TRUE,FALSE,0.732686787933234,0.106470114807107,0.323700721158056,0.733638419540231,1.20541631418256e-17,0.204639922158856,0.278037515006828,0.167826101872399,0.312400647676832,0.208730346635129,0.274176918344235
34,1000,"BN",0.586013451422237,0.103721865054466,FALSE,FALSE,NA,NA,NA,NA,0.0730619415783608,0.000560814191242875,FALSE,TRUE,0.791709570693411,0.00752827912124342,FALSE,TRUE,0.137881819839185,0.136176038425483,0.30734213432667,0.066350767922267,1.28217748918136e-17,0.205656904613698,0.259945236926165,0.188844161079226,0.25536864110314,0.207524987228639,0.260408944872992
35,1000,"BN",0.2633924119087,0.751735082553416,FALSE,FALSE,NA,NA,NA,NA,0.172663010954004,7.09836943728615e-05,FALSE,TRUE,0.630231496625573,0.70741969100953,FALSE,FALSE,0.253027083088089,0.497982244971411,0.363254438982019,0.283057735687194,1.12225224772888e-17,0.203091566055714,0.262545799466157,0.176828607391038,0.282085102192794,0.206238415526174,0.260494712439604
36,1000,"BN",0.605176796279028,0.740513988773751,FALSE,FALSE,NA,NA,NA,NA,0.0524228576452032,0.000447589514327107,FALSE,TRUE,0.313808854418517,0.89905021372779,FALSE,FALSE,0.478369933466331,0.716137471715047,0.595702260551291,0.494824135948245,1.1857485479605e-17,0.209687730280327,0.262163692418418,0.163846215601651,0.279245920314792,0.214837889326541,0.260009177188245
37,1000,"BN",0.629894862889388,0.60307874191575,FALSE,FALSE,NA,NA,NA,NA,0.533090738476947,0.000126049898383496,FALSE,TRUE,0.552886897383467,0.546996112813583,FALSE,FALSE,0.118506845747876,0.0686221401264631,0.0613300485736813,0.153015717202539,1.24386720541658e-17,0.213125120087863,0.260633161249716,0.174745142677142,0.273424604841903,0.217484538457455,0.259100479878647
38,1000,"BN",0.997222256994678,0.592187583778575,FALSE,FALSE,NA,NA,NA,NA,0.30368590955612,0.00239655812050876,FALSE,TRUE,0.828390450623601,0.707676146537566,FALSE,FALSE,0.444117368755666,0.363568358911204,0.558616876015954,0.740801339386836,1.23440754146165e-17,0.206769464491308,0.255794797641082,0.15400435965073,0.295283077038597,0.212893985588875,0.250410032268694
39,1000,"BN",0.587492110746991,0.893537799848741,FALSE,FALSE,NA,NA,NA,NA,0.975800956388841,0.00603164808515755,FALSE,TRUE,0.703125028662266,0.77542010078303,FALSE,FALSE,0.17833732106906,0.746155364050145,0.433456637225355,0.456069985371599,1.17105760852332e-17,0.204449523673307,0.268380486601187,0.129287411919257,0.276867930912978,0.212431340850728,0.267447903929859
40,1000,"BN",0.105890798644782,0.447486582615049,FALSE,FALSE,NA,NA,NA,NA,0.185150697756787,0.0104376604299266,FALSE,TRUE,0.562608921125209,0.159441657189879,FALSE,FALSE,0.351334386471627,0.884539744529305,0.54272765823981,0.324977226941345,1.20613154880322e-17,0.215266976041186,0.277177951336205,0.172784380742191,0.273214759151345,0.220092393324591,0.277647860029264
41,1000,"BN",0.0494924152534978,0.727821051913386,TRUE,FALSE,NA,NA,NA,NA,0.408052880631463,0.00259879462119161,FALSE,TRUE,0.119062077470254,0.758324190449178,FALSE,FALSE,0.181222174631169,0.10084305183369,0.131910235057867,0.37130938505531,1.20235852524297e-17,0.211656088433224,0.275890249879517,0.181053526039016,0.313232367701756,0.214793947642332,0.271833123996391
42,1000,"BN",0.472333092883968,0.295279262852789,FALSE,FALSE,NA,NA,NA,NA,0.254217803889376,9.3552508718453e-05,FALSE,TRUE,0.538714936299719,0.610215565333713,FALSE,FALSE,0.063854529185357,0.105234846459537,0.00924348159892907,0.00801231852626783,1.26509046294298e-17,0.206466509933858,0.268674386062138,0.152557930309918,0.309351515916092,0.212858354945198,0.264503522692328
43,1000,"BN",0.219126279190197,0.291884212546891,FALSE,FALSE,NA,NA,NA,NA,0.37839396835678,0.140918061839865,FALSE,FALSE,0.367635883168118,0.989124860895658,FALSE,FALSE,0.750333244935369,0.299765333421443,0.843920149217212,0.718542384754659,1.27857793796871e-17,0.204070743599079,0.26792467267716,0.165321149822378,0.293583626998846,0.207949965858352,0.265168395191885
44,1000,"BN",0.533740577730622,0.0969276440474464,FALSE,FALSE,NA,NA,NA,NA,0.543999371440294,2.49195207091546e-06,FALSE,TRUE,0.279843298639733,0.00817449932593776,FALSE,TRUE,0.305704491305554,0.843688945121173,0.282400782331093,0.199113709073713,1.237703516066e-17,0.207069147723822,0.271737602255678,0.125436552863601,0.274824662928567,0.216748180224027,0.271375433126456
45,1000,"BN",0.521503221364404,0.861761941942109,FALSE,FALSE,NA,NA,NA,NA,0.96111679243905,0.00347012128644153,FALSE,TRUE,0.687587270778437,0.801794447324375,FALSE,FALSE,0.69128410453389,0.758587976387608,0.658799312005455,0.945529731496611,1.2040715646755e-17,0.205479125823225,0.271584529012446,0.150230743941623,0.294414232404561,0.211413891097328,0.269160135731868
46,1000,"BN",0.843169060719318,0.713649351382,FALSE,FALSE,NA,NA,NA,NA,0.6352241648465,1.66275013602224e-06,FALSE,TRUE,0.848734948103848,0.125097206292012,FALSE,FALSE,0.447302413801829,0.594887299938714,0.701166210056805,0.0547809851042595,1.38682468286966e-17,0.202755484049072,0.256032921011118,0.158557293880536,0.236360359598585,0.206861326851614,0.258340875143315
47,1000,"BN",0.845261600422187,0.589405412547529,FALSE,FALSE,NA,NA,NA,NA,0.0860556431077075,0.0411333450441049,FALSE,TRUE,0.835982623479234,0.397840926324158,FALSE,FALSE,0.383583797679128,0.335769983962977,0.789845664300882,0.845830306871045,1.19946370544244e-17,0.212776391980489,0.270571316617152,0.166706672470027,0.271777153583642,0.217725187985489,0.270425318419415
48,1000,"BN",0.0871184464103836,0.203167286414755,FALSE,FALSE,NA,NA,NA,NA,0.0926177882689826,4.53038461962763e-05,FALSE,TRUE,0.909464963361249,0.945807135939895,FALSE,FALSE,0.308144957788718,0.633064424122827,0.627585547499673,0.624368951665146,1.33646891296857e-17,0.196352818482558,0.266570892783368,0.176997620490208,0.265958297211569,0.198313917838611,0.266644294492419
49,1000,"BN",0.258887916363044,0.540607746465187,FALSE,FALSE,NA,NA,NA,NA,0.355667029468222,0.0609145059092028,FALSE,FALSE,0.0632040524721499,0.497375933757662,FALSE,FALSE,0.752682386364451,0.342694519433702,0.206423059674667,0.0914321211633428,1.4098314529698e-17,0.20870107966451,0.275667542046604,0.139479592803689,0.287886626461669,0.216221817704821,0.274172727005928
50,1000,"BN",0.263846490961359,0.940430344532369,FALSE,FALSE,NA,NA,NA,NA,0.248849660198056,0.0363266743850432,FALSE,TRUE,0.79406759301972,0.430153403883625,FALSE,FALSE,0.395320137187599,0.281292158724035,0.266062037154029,0.74794584828599,1.46642680637354e-17,0.205993710498836,0.260072711066183,0.138469710009412,0.264860695987043,0.213831317698501,0.259564252490517
51,1000,"BN",0.118179736472816,0.0167013712592888,FALSE,TRUE,NA,NA,NA,NA,0.0159064839804176,0.0670326272424654,TRUE,FALSE,0.650769683422204,0.456674381688098,FALSE,FALSE,0.285774284684933,0.63012449130287,0.170857551162096,0.482718823945272,1.32199481396589e-17,0.203742521758355,0.275699091284875,0.159984232059144,0.295976601451535,0.208821608955584,0.273815388154638
52,1000,"BN",0.824097499115374,0.851666550971904,FALSE,FALSE,NA,NA,NA,NA,0.531597397844582,0.222936559225668,FALSE,FALSE,0.694297301184105,0.739831545566298,FALSE,FALSE,0.451267101163022,0.42268134653983,0.275189372819348,0.289862139074491,1.1706998218064e-17,0.204719182010713,0.265798328778392,0.157279293982965,0.297944323709419,0.209699059759482,0.262696522249959
53,1000,"BN",0.178490658529859,0.0188882248584013,FALSE,TRUE,NA,NA,NA,NA,0.0907321507547395,0.0030836635499184,FALSE,TRUE,0.360111642010743,0.0694878665122877,FALSE,FALSE,0.380277587286027,0.0909896367720919,0.605342266636372,0.991966563247394,1.30707077106162e-17,0.210846272619523,0.267394682661803,0.1365760260016,0.336306840166138,0.217745694436489,0.259137570844375
54,1000,"BN",0.603079894837299,0.759205962156236,FALSE,FALSE,NA,NA,NA,NA,0.0712877002500028,0.00467475625604408,FALSE,TRUE,0.52115497620798,0.887697281023999,FALSE,FALSE,0.336887699892115,0.0559063204072981,0.405494588300044,0.269856333786168,1.25424844121813e-17,0.202564085158584,0.277097353887574,0.143295497951859,0.288318855509868,0.209964324956049,0.275610473151665
55,1000,"BN",0.36549290094376,0.325168886548837,FALSE,FALSE,NA,NA,NA,NA,0.581008798905172,4.16421641613596e-08,FALSE,TRUE,0.322114714395388,0.890939420908302,FALSE,FALSE,0.209025164814147,0.00368373851204473,0.0122592894200473,0.129961683494724,1.33893953866912e-17,0.20666593267793,0.270186156141371,0.15492594707495,0.305805591923895,0.213060762359197,0.266140295952265
56,1000,"BN",0.58369228589336,0.426765243115062,FALSE,FALSE,NA,NA,NA,NA,0.428316234390257,0.00207995653746251,FALSE,TRUE,0.495579850974548,0.856199396225292,FALSE,FALSE,0.223634787384407,0.507677289129062,0.612430838530224,0.18042085421586,1.38087241294271e-17,0.207338308146111,0.253777927913683,0.161785465222146,0.238526460006512,0.212512461796718,0.255434961012245
57,1000,"BN",0.0809870804125942,0.496742149476051,FALSE,FALSE,NA,NA,NA,NA,0.00377766164698978,0.00305129561182538,TRUE,TRUE,0.981792003771368,0.351933053726443,FALSE,FALSE,0.455216852172773,0.277609703727179,0.504882357075871,0.389897009665766,1.33356867215717e-17,0.212280575783277,0.277842425895394,0.133613961655728,0.299791959830151,0.221706474676499,0.275484613280032
58,1000,"BN",0.671365396432307,0.80295322426075,FALSE,FALSE,NA,NA,NA,NA,0.250601682110401,0.000452477562129516,FALSE,TRUE,0.646592755709734,0.20220434599899,FALSE,FALSE,0.0536878870828683,0.0719303755483544,0.110207182422809,0.0174170265086232,1.20461366576175e-17,0.201160768488809,0.265922624111527,0.182349894275462,0.246309470571716,0.203367630826687,0.267744611052384
59,1000,"BN",0.437435565986569,0.346706859968277,FALSE,FALSE,NA,NA,NA,NA,0.839290533964673,0.0146785727256363,FALSE,TRUE,0.376505612842491,0.469345933517692,FALSE,FALSE,0.549974831850572,0.722739901312745,0.946045065857304,0.365371140317915,1.28910554106354e-17,0.20907852740748,0.262743883203266,0.168352805336788,0.301662518792837,0.213856405415774,0.257933714759611
60,1000,"BN",0.928506664924761,0.475951181270045,FALSE,FALSE,NA,NA,NA,NA,0.947618356167801,0.088001850630828,FALSE,FALSE,0.253192067208961,0.0416263692910914,FALSE,TRUE,0.104338926901623,0.364119096797172,0.816111312684505,0.229130436473213,1.10965923949546e-17,0.198257325136059,0.257896336097584,0.11068867703496,0.269971684200177,0.207236249362522,0.256524748673905
61,1000,"BN",0.97794432067009,0.678084377127759,FALSE,FALSE,NA,NA,NA,NA,0.852721064191771,0.765728616387663,FALSE,FALSE,0.554681642938957,0.162665507908652,FALSE,FALSE,0.4910708639089,0.629109945629658,0.79984258983912,0.705868064056729,1.43824839191065e-17,0.211226480187478,0.258574139403354,0.144347217749494,0.26776882668431,0.218246955250028,0.257402775634754
62,1000,"BN",0.972375842354069,0.708442289724404,FALSE,FALSE,NA,NA,NA,NA,0.640712886417995,0.328286291677462,FALSE,FALSE,0.978197236866896,0.129124401909737,FALSE,FALSE,0.47026849902678,0.342007135397464,0.365132112489523,0.534699026700718,1.22629770921146e-17,0.214623394239075,0.272546057071764,0.166458636283533,0.273474709978369,0.219270870883908,0.272453089619067
63,1000,"BN",0.504817610818979,0.665314163884197,FALSE,FALSE,NA,NA,NA,NA,0.901788017957324,0.002302362518245,FALSE,TRUE,0.937129381543781,0.899548568571713,FALSE,FALSE,0.127952087079333,0.257706265672848,0.73797289054155,0.469070615467176,1.28386884457043e-17,0.215359359139465,0.26079913171854,0.166137642714042,0.248036980253794,0.220108823005076,0.262589034375512
64,1000,"BN",0.455658610099874,0.838075729716423,FALSE,FALSE,NA,NA,NA,NA,0.991625833816965,0.0459015894566482,FALSE,TRUE,0.973653173141257,0.474232033045798,FALSE,FALSE,0.599455267167752,0.316204499202019,0.846662594319758,0.90183514169644,1.29271593429792e-17,0.206399804202424,0.266226870771038,0.156483077417069,0.311606881805492,0.212506339802428,0.261463223203885
65,1000,"BN",0.0846496850132152,0.678640609327758,FALSE,FALSE,NA,NA,NA,NA,0.156556272525134,0.0159063451699304,FALSE,TRUE,0.315487050370389,0.139624279638255,FALSE,FALSE,0.31825978260433,0.522386669306243,0.234981822599657,0.459204599682102,1.30220270330717e-17,0.216273225135935,0.263066119953328,0.181308564339449,0.269245940151641,0.219396430130828,0.26246982151314
66,1000,"BN",0.740036768729247,0.0830759453527171,FALSE,FALSE,NA,NA,NA,NA,0.93594588607286,0.0033255046586842,FALSE,TRUE,0.887336101551237,0.00368735853433306,FALSE,TRUE,0.461236354084533,0.746246299202559,0.556138463823377,0.54277964916767,1.26715044707071e-17,0.193778731195664,0.268018340797666,0.138033495803397,0.288742410817297,0.2021084790129,0.265918545156911
67,1000,"BN",0.237156805398721,0.304498612353752,FALSE,FALSE,NA,NA,NA,NA,0.38406460119404,0.00602494939130038,FALSE,TRUE,0.664003467141073,0.571153144697095,FALSE,FALSE,0.516485157466499,0.377864148190922,0.205880648207701,0.231771732650758,1.29949219787595e-17,0.205130666577751,0.269942876463611,0.133319963097994,0.240699001742695,0.213735084575886,0.272520410579383
68,1000,"BN",0.823318402667268,0.517374610230137,FALSE,FALSE,NA,NA,NA,NA,0.124968217602989,0.0205657390123101,FALSE,TRUE,0.82708973015177,0.162081666291,FALSE,FALSE,0.274360131469699,0.264940519490166,0.187454598344386,0.0677874827634442,1.27754794590484e-17,0.215642548026139,0.257617712809322,0.15720645318142,0.25814053149243,0.222352601280326,0.2575576790029
69,1000,"BN",0.389980223679488,0.945628789936069,FALSE,FALSE,NA,NA,NA,NA,0.0558570303488704,0.0660869792952804,FALSE,FALSE,0.38765715497791,0.360423972003238,FALSE,FALSE,0.524871901055578,0.835556060064802,0.843127461696823,0.21639050684462,1.16137026211216e-17,0.201233943477465,0.250523489678547,0.135142958293367,0.285030732419635,0.207930386910215,0.24673190584795
70,1000,"BN",0.00129445451663574,0.457233643773582,TRUE,FALSE,NA,NA,NA,NA,0.0682564682998705,0.107277723995279,FALSE,FALSE,0.00366231240656676,0.299539328018898,TRUE,FALSE,0.169787079840235,0.360163492532079,0.360606352352323,0.514013574009275,1.21569421196455e-17,0.208888846328074,0.256527294686164,0.16435287620742,0.279325597848739,0.213947497722625,0.254161907823821
71,1000,"BN",0.379697410557525,0.042960786713014,FALSE,TRUE,NA,NA,NA,NA,0.901662713088888,0.0208003951960385,FALSE,TRUE,0.220103373190069,0.837069395960452,FALSE,FALSE,0.220888156207652,0.0723911874989724,0.0767498605760158,0.103822840052353,1.24340641949328e-17,0.205378484691599,0.263616164263873,0.150949069578415,0.289163312922818,0.211628462123771,0.260840531704476
72,1000,"BN",0.248810035437077,0.673020991707569,FALSE,FALSE,NA,NA,NA,NA,0.165245158902303,0.00956126712707517,FALSE,TRUE,0.482220810331151,0.420580724441054,FALSE,FALSE,0.642618730112314,0.960074869047809,0.839265105192965,0.644594130083334,1.27732805615174e-17,0.208645434090215,0.26886173311259,0.150235588834437,0.305742348957179,0.216535072666194,0.264580947344915
73,1000,"BN",0.829288957976869,0.0911589931284015,FALSE,FALSE,NA,NA,NA,NA,0.574512272119814,0.0806114346355856,FALSE,FALSE,0.944100253666656,0.0375102731269344,FALSE,TRUE,0.169706287629731,0.362929530443485,0.953205184525423,0.868048200720812,1.11336721092536e-17,0.203216159538642,0.264852256095002,0.167427692661989,0.289702156198661,0.207325649046218,0.261936904686193
74,1000,"BN",0.511525672752873,0.309930757076647,FALSE,FALSE,NA,NA,NA,NA,0.629435011742641,0.0102703839902771,FALSE,TRUE,0.0744797747718014,0.980796737569397,FALSE,FALSE,0.146040901889323,0.231095140061841,0.436857735060059,0.168205329748358,1.28314242911487e-17,0.217264746284009,0.25757367638566,0.205687326889196,0.264681702320186,0.218451846618868,0.256721986827995
75,1000,"BN",0.093992520399768,0.14268084397631,FALSE,FALSE,NA,NA,NA,NA,0.345616287282139,0.0605557718281459,FALSE,FALSE,0.0754963371665262,0.00597564654458768,FALSE,TRUE,0.114536562382977,0.48410072367331,0.493152902116958,0.458524205896216,1.2736881861708e-17,0.221521683337325,0.260881565918016,0.173534090263067,0.323312975379452,0.227513385059757,0.253635063034099
76,1000,"BN",0.604000504324904,0.176557107427685,FALSE,FALSE,NA,NA,NA,NA,0.489639478883103,0.383224267107586,FALSE,FALSE,0.279928190559834,0.558087479022935,FALSE,FALSE,0.70009037841603,0.33770753546271,0.185580423349495,0.229712908185689,1.49661099485554e-17,0.21645081138021,0.274251638052534,0.171646836655485,0.272745904713171,0.221763139479562,0.274404201342425
77,1000,"BN",0.935700607053001,0.9908187835795,FALSE,FALSE,NA,NA,NA,NA,0.511380791181321,0.0125557828942346,FALSE,TRUE,0.782263546606211,0.320319361535038,FALSE,FALSE,0.0386799385239064,0.232579215987181,0.593043410146217,0.0664841336037917,1.18142258129228e-17,0.208023972524976,0.264298816465918,0.172722270968697,0.26891663197388,0.211686621472316,0.263698761343414
78,1000,"BN",0.321289353685865,0.518459170699398,FALSE,FALSE,NA,NA,NA,NA,0.497519459853212,0.000170260132534406,FALSE,TRUE,0.980396136602323,0.240905438285767,FALSE,FALSE,0.936110302348007,0.404503836321685,0.603347038950782,0.824182640132576,1.0960199761656e-17,0.202569670496529,0.265564029366645,0.127889106079522,0.259301795165122,0.211331077495172,0.266229045388046
79,1000,"BN",0.644043322940768,0.557183805071681,FALSE,FALSE,NA,NA,NA,NA,0.228166569006064,3.29385544090011e-05,FALSE,TRUE,0.390343646938256,0.205731795793048,FALSE,FALSE,0.178215124654061,0.374245479084777,0.369880462025667,0.682319398706206,1.19896497244309e-17,0.211336996943907,0.262683319706481,0.151505422279644,0.288527523239377,0.217254405427185,0.260220619041243
80,1000,"BN",0.26909747937959,0.0625253959887031,FALSE,FALSE,NA,NA,NA,NA,0.179001680762663,0.0109524006185906,FALSE,TRUE,0.223011621761743,0.0379677573044688,FALSE,TRUE,0.308450362830509,0.271112458185937,0.390321662597666,0.6408550633741,1.31207436408765e-17,0.204357515525483,0.269459133810623,0.152622696116389,0.297821476692896,0.210233853587541,0.266342738754747
81,1000,"BN",0.0968699251074338,0.630921936020973,FALSE,FALSE,NA,NA,NA,NA,0.382160540711179,0.0022260229989024,FALSE,TRUE,0.0288053175323545,0.177041113910737,TRUE,FALSE,0.989092749654269,0.180661914588408,0.783175307436263,0.415558445042525,1.315370338692e-17,0.212590198648232,0.242500633254029,0.198653218982097,0.24087768941168,0.214207883788051,0.242680960347623
82,1000,"BN",0.0821213946297578,0.532535374002306,FALSE,FALSE,NA,NA,NA,NA,0.123221911603597,0.0102704926251609,FALSE,TRUE,0.139647795342981,0.284043665387779,FALSE,FALSE,0.471303776813353,0.388824802458941,0.582399986048238,0.891614741564248,1.3175062169718e-17,0.198594835572058,0.255743558328646,0.159216788344142,0.288791045225396,0.203661536908381,0.251742293098995
83,1000,"BN",0.249983037156738,0.377792754253474,FALSE,FALSE,NA,NA,NA,NA,0.36321849289601,0.314605703519265,FALSE,FALSE,0.322275169096503,0.12014567328103,FALSE,FALSE,0.660015328965821,0.305052729043477,0.297462697695435,0.491094117281337,1.27961335104343e-17,0.211596843351598,0.265594912807827,0.170537335473735,0.27413964647443,0.21536212573341,0.264560348641916
84,1000,"BN",0.955785714595597,0.910208780890433,FALSE,FALSE,NA,NA,NA,NA,0.705122381903196,0.000553841042206571,FALSE,TRUE,0.71878095334451,0.59916438614217,FALSE,FALSE,0.857720346332791,0.337359027502359,0.863330694978245,0.714277873485261,1.18401382448452e-17,0.206160349379238,0.269235846478035,0.132736355979653,0.293041099105404,0.213156940207019,0.266852702375625
85,1000,"BN",0.599623622462992,0.626340877150907,FALSE,FALSE,NA,NA,NA,NA,0.551021617121052,0.0295951057636487,FALSE,TRUE,0.418129839973563,0.352199734579735,FALSE,FALSE,0.461679684530462,0.602026154676641,0.247387517461131,0.535075579618201,1.2041583008493e-17,0.200743581700988,0.268535934651092,0.15528956978668,0.305089339539641,0.206246982246666,0.264654157140803
86,1000,"BN",0.88586425406437,0.532072520066166,FALSE,FALSE,NA,NA,NA,NA,0.414960750696489,0.0900532746946842,FALSE,FALSE,0.48847530291288,0.302080173273518,FALSE,FALSE,0.674200693795979,0.167395469598643,0.238560657986321,0.49769306003133,1.31973425243625e-17,0.209379698875466,0.266596322911484,0.145434073950714,0.289887961035518,0.216801958911375,0.264208095408138
87,1000,"BN",0.0350594871461006,0.0174796318110136,TRUE,TRUE,NA,NA,NA,NA,0.134138820316647,0.00340119924213533,FALSE,TRUE,0.110761314506302,0.00919624896771336,FALSE,TRUE,0.336312506694165,0.727307460373838,0.667812953845378,0.63714830077389,1.22456298573548e-17,0.208622051335699,0.276622037726809,0.149013817946609,0.327620703201669,0.214373722978505,0.270955519340714
88,1000,"BN",0.580487975727168,0.339474939911425,FALSE,FALSE,NA,NA,NA,NA,0.435452125197911,0.0776642320642358,FALSE,FALSE,0.679648257717048,0.879943602209809,FALSE,FALSE,0.169593058668254,0.521077099358364,0.894746575923086,0.111016838993049,1.1854449713522e-17,0.211298560894822,0.27060881941615,0.142910981775864,0.346704946557633,0.219407155287002,0.262620828169254
89,1000,"BN",0.701673920237126,0.847191356826164,FALSE,FALSE,NA,NA,NA,NA,0.512215213677937,0.104595947550522,FALSE,FALSE,0.659566369149831,0.289886242515329,FALSE,FALSE,0.180286428266609,0.359794515601326,0.468988668242326,0.568490000021459,1.30284238258893e-17,0.21265025102141,0.262392107570836,0.16071560542116,0.267525630334571,0.218292817838288,0.261865737541037
90,1000,"BN",0.889406012116874,0.84270932470893,FALSE,FALSE,NA,NA,NA,NA,0.601895140168958,0.0182451246756203,FALSE,TRUE,0.370652478923923,0.119948133096964,FALSE,FALSE,0.93190786081407,0.821818622612144,0.899583252340809,0.636101913876985,1.26049344573165e-17,0.212793089677368,0.266683065357404,0.167508787044064,0.329664424499659,0.217768834361827,0.260301694166779
91,1000,"BN",0.596507175067339,0.104619469132436,FALSE,FALSE,NA,NA,NA,NA,0.881703671362002,0.0250847268198893,FALSE,TRUE,0.318035794108772,0.000307891508949535,FALSE,TRUE,0.599418238741943,0.689117210810752,0.937342264978489,0.410510150997741,1.29404679246464e-17,0.207410292346776,0.272969733838789,0.169714739679929,0.298758666394549,0.211738767179201,0.270294060924616
92,1000,"BN",0.578443179525354,0.572344914138413,FALSE,FALSE,NA,NA,NA,NA,0.366168126031949,0.0338127212249371,FALSE,TRUE,0.415927916270322,0.410650623771211,FALSE,FALSE,0.82086880608832,0.891248719963837,0.997301849141979,0.892532717801408,1.22598329058143e-17,0.205337079654262,0.263592263685363,0.160140528096333,0.299046528279951,0.210695954894911,0.260425325017873
93,1000,"BN",0.00790515253870416,0.404473452465215,TRUE,FALSE,NA,NA,NA,NA,0.207990782528483,0.0110749498978728,FALSE,TRUE,0.0603177417442151,0.761624971724023,FALSE,FALSE,0.573893420525156,0.726651443877846,0.531348925164411,0.136878350193186,1.22848779759988e-17,0.207554362557508,0.258275501743942,0.132340896659054,0.259641911618001,0.216097540198535,0.258106619624676
94,1000,"BN",0.041632154520593,0.115773193304033,TRUE,FALSE,NA,NA,NA,NA,0.280606554340843,0.0112773084312801,FALSE,TRUE,0.00104347212113772,0.114517702967564,TRUE,FALSE,0.868592342844051,0.414827914160329,0.283751245248056,0.304466400901746,1.38661326344602e-17,0.212307560745252,0.261148742055664,0.184695263520184,0.279872619263138,0.2157552154044,0.259114440540883
95,1000,"BN",0.955337307852158,0.148125398187998,FALSE,FALSE,NA,NA,NA,NA,0.919846421205895,0.000726675847132374,FALSE,TRUE,0.9681589958032,0.781818345355946,FALSE,FALSE,0.95336025306385,0.957974083121075,0.924585741324292,0.986230226893623,1.27616016712406e-17,0.208309087086208,0.262805372145022,0.157108246688329,0.289224677329368,0.214315889590987,0.259999782213941
96,1000,"BN",0.472662383005027,0.107102918065522,FALSE,FALSE,NA,NA,NA,NA,0.265714438687908,0.00721477060488507,FALSE,TRUE,0.615102014519034,0.00300940767690355,FALSE,TRUE,0.821442308300631,0.123579385498352,0.410274259267507,0.946703048843999,1.22753369968809e-17,0.210324332896578,0.257436901631212,0.134796281368303,0.300449273961868,0.217160568749192,0.253130932564007
97,1000,"BN",0.610732320560948,0.319915135430508,FALSE,FALSE,NA,NA,NA,NA,0.149152106296965,0.112107050897643,FALSE,FALSE,0.597940347945853,0.205868540064364,FALSE,FALSE,0.753890388413733,0.738243250678421,0.663457210399853,0.74744896493971,1.20654354562877e-17,0.209469311074878,0.267925474141172,0.150935074207822,0.294241224450839,0.216190633702867,0.26473926222027
98,1000,"BN",0.198322204649133,0.834472399317672,FALSE,FALSE,NA,NA,NA,NA,0.470105944695875,0.00236762553719949,FALSE,TRUE,0.755309728063819,0.36207241910759,FALSE,FALSE,0.0122394181257537,0.0440861977948814,0.281521668000174,0.0575731045108643,1.27987898057569e-17,0.222567384211219,0.267616042724599,0.160682904718804,0.293703705010322,0.228613178585341,0.264391724914004
99,1000,"BN",0.0762914034255043,0.783194978689917,FALSE,FALSE,NA,NA,NA,NA,0.302853683898895,0.23751059246499,FALSE,FALSE,0.286932250225406,0.16698892777429,FALSE,FALSE,0.0323535371351553,0.633285492181268,0.247695694638953,0.68696629081344,1.07075806554668e-17,0.207055220070471,0.259989242472231,0.172157082584269,0.230837465792824,0.210975922947119,0.263300468776574
100,1000,"BN",0.23049468563195,0.0541561796141044,FALSE,FALSE,NA,NA,NA,NA,0.684195500783668,0.000123282682674919,FALSE,TRUE,0.205592186655153,0.206562740324554,FALSE,FALSE,0.392891296214453,0.734802662857372,0.505181520827099,0.859202023973365,1.15558604352195e-17,0.19939469792626,0.260750292959161,0.126710326338093,0.240430500560745,0.207202432194314,0.263185027322689
101,1000,"BN",0.0148446908808207,0.432639360591976,TRUE,FALSE,NA,NA,NA,NA,0.210323969727257,0.0257279113710985,FALSE,TRUE,0.0335516050664869,0.635306043988432,TRUE,FALSE,0.574099637283601,0.79873232965804,0.712261560302453,0.211379523898,1.28575535635056e-17,0.19428327107053,0.268617561100764,0.118536716540189,0.305741230065485,0.201229461660649,0.265389415973397
102,1000,"BN",0.855748822033475,0.299447661198797,FALSE,FALSE,NA,NA,NA,NA,0.863608816284748,0.0587689525694751,FALSE,FALSE,0.239878177696325,0.193588287046886,FALSE,FALSE,0.237433863924306,0.0227155463503801,0.260689577612792,0.0915532606064973,1.32957880816242e-17,0.206857233966453,0.270258588354398,0.191262240965507,0.259205425929404,0.208456279555304,0.271473086778454
103,1000,"BN",0.847054023945786,0.24336618764313,FALSE,FALSE,NA,NA,NA,NA,0.940426444788532,0.144363980888541,FALSE,FALSE,0.703461915100081,0.965736037463659,FALSE,FALSE,0.0722232994074373,0.0395156763613828,0.0473888296591309,0.488213337609794,1.18678938204608e-17,0.216199871782702,0.268948819594311,0.156318576219005,0.280111497405129,0.222632303310585,0.267555054423331
104,1000,"BN",0.0246706083691334,0.389730342888247,TRUE,FALSE,NA,NA,NA,NA,0.640298024773998,0.00326041918160125,FALSE,TRUE,0.0758334861254551,0.48902612611791,FALSE,FALSE,0.629686419992766,0.68936610652987,0.840051812416264,0.903684367480769,1.1920965516804e-17,0.209096143827654,0.259501397931434,0.144726293886199,0.260406730853289,0.216728363171943,0.259392920190517
105,1000,"BN",0.884436459071129,0.903215319053803,FALSE,FALSE,NA,NA,NA,NA,0.0873659412097859,0.0111782070325447,FALSE,TRUE,0.91921792998259,0.505240948669252,FALSE,FALSE,0.110940946567383,0.147445773012192,0.185990738192081,0.170439363498703,1.3952164076847e-17,0.204791972364419,0.268161410879738,0.189287846096607,0.256931037329548,0.20640056824651,0.269521142206442
106,1000,"BN",0.736820227618237,0.91889252213303,FALSE,FALSE,NA,NA,NA,NA,0.485709905203512,0.0587011727134996,FALSE,FALSE,0.482923664182168,0.093969572124565,FALSE,FALSE,0.527358578422435,0.654770970066055,0.697323724037331,0.185743269871623,1.27356892393182e-17,0.211981315060236,0.263007869379435,0.143718570085969,0.288551583222752,0.21948188304298,0.26035763858333
107,1000,"BN",0.128817838866044,0.0671046649132443,FALSE,FALSE,NA,NA,NA,NA,0.236398146279472,0.00456717180104838,FALSE,TRUE,0.0911602209354835,0.126757092947229,FALSE,FALSE,0.932311962273977,0.0361874001701097,0.0471588822281482,0.849357434413243,1.27708715998154e-17,0.213362535133221,0.263854387280348,0.212415602728695,0.301673356850434,0.213453905803833,0.260022509306287
108,1000,"BN",0.832788375111599,0.358250842818373,FALSE,FALSE,NA,NA,NA,NA,0.382296168827668,0.0355779961825596,FALSE,TRUE,0.172711340396032,0.140835556086589,FALSE,FALSE,0.984580253241973,0.579513825019855,0.322645121360961,0.637443887847391,1.24988791560567e-17,0.213146659645306,0.263546612397444,0.180200520098333,0.324136845277033,0.216929772659061,0.256814364299711
109,1000,"BN",0.828825529393839,0.912207690347132,FALSE,FALSE,NA,NA,NA,NA,0.241075197200671,1.23265597927746e-05,FALSE,TRUE,0.770719133804427,0.933057595139494,FALSE,FALSE,0.271053889107677,0.318994309940408,0.158290367911104,0.191623808755556,1.13450915328883e-17,0.204621997199271,0.261204350866376,0.149141994781187,0.282295592124779,0.211269657063476,0.258703599665715
110,1000,"BN",0.14292895295669,0.507809008759548,FALSE,FALSE,NA,NA,NA,NA,0.232351863964128,0.000671764716554057,FALSE,TRUE,0.337499039315344,0.28863698541905,FALSE,FALSE,0.775806365855582,0.588177838910071,0.403418794444858,0.474802413177938,1.22493161447412e-17,0.203443260452796,0.267146894001287,0.139085831780801,0.294896121936569,0.209730649203408,0.26396052780582
111,1000,"BN",0.896079415377137,0.497153598951336,FALSE,FALSE,NA,NA,NA,NA,0.563178811501641,0.0628216268026536,FALSE,FALSE,0.775579675420387,0.18326965664317,FALSE,FALSE,0.132894067964297,0.0225614380691749,0.0427854167945111,0.391120173983826,1.31615638526705e-17,0.210137605513921,0.261805536089151,0.16240408285146,0.255725270028091,0.214344803920515,0.262443796062411
112,1000,"BN",0.695869976499556,0.431934741038173,FALSE,FALSE,NA,NA,NA,NA,0.632188297875548,0.0402822274448186,FALSE,TRUE,0.880123358523616,0.0677536928685459,FALSE,FALSE,0.0602595300122872,0.272357114493075,0.307577188128558,0.21164082652902,1.09107601425906e-17,0.208083279219371,0.267021174832592,0.172437983032848,0.243471738644256,0.212265129609969,0.26935023995012
113,1000,"BN",0.94731099909059,0.455414752621685,FALSE,FALSE,NA,NA,NA,NA,0.684762029958316,0.126700716122848,FALSE,FALSE,0.637147926340965,0.271992104582786,FALSE,FALSE,0.418723558672998,0.931542810190879,0.880374571673334,0.66418490761828,1.14188172806173e-17,0.204207104089722,0.256139882125539,0.150743777383126,0.280147899667137,0.20885608902073,0.253648984058309
114,1000,"BN",0.376098898319319,0.32442147609599,FALSE,FALSE,NA,NA,NA,NA,0.208198139801624,0.0255703917831408,FALSE,TRUE,0.786454858181706,0.349281726279512,FALSE,FALSE,0.708805539406163,0.431806941017793,0.203614843917862,0.370663243096849,1.25674210621485e-17,0.204728277875024,0.263342205061406,0.155165265761481,0.261581737670476,0.209038105015332,0.263562015950487
115,1000,"BN",0.996067845458629,0.572558653817177,FALSE,FALSE,NA,NA,NA,NA,0.558995987482983,0.10721306177433,FALSE,FALSE,0.110765419352335,0.151147537903142,FALSE,FALSE,0.741142071523855,0.615868971278029,0.839807134758642,0.634291520610538,1.41263953659654e-17,0.210599756760046,0.259018987081445,0.142553922694537,0.252038368610318,0.217909220662985,0.259717816873384
116,1000,"BN",0.330880118117094,0.140500106004068,FALSE,FALSE,NA,NA,NA,NA,0.622782370404801,0.00930513896492013,FALSE,TRUE,0.60881233942943,0.326046373992728,FALSE,FALSE,0.752738729676177,0.0620158444619027,0.0582936248595859,0.343338490910446,1.10098562211558e-17,0.218218564838413,0.263778453089206,0.177261313111286,0.271406261662211,0.222170580355943,0.263069858850183
117,1000,"BN",0.27736677561417,0.0534215834238675,FALSE,FALSE,NA,NA,NA,NA,0.149322246581099,0.00372313129931079,FALSE,TRUE,0.662279244456513,0.463473967818566,FALSE,FALSE,0.75933452333208,0.310929351098997,0.0677090365033549,0.859740429492849,1.38827751378079e-17,0.212363601950493,0.260057682980754,0.165519409152566,0.262858496775794,0.217800874328824,0.259718570996602
118,1000,"BN",0.118876230382693,0.630434077021133,FALSE,FALSE,NA,NA,NA,NA,0.382903515239443,7.91648538525092e-05,FALSE,TRUE,0.397603158090058,0.40331151698899,FALSE,FALSE,0.0117987727441535,0.00089332986209556,0.00381271345518752,0.053912489027632,1.09690902194704e-17,0.205352248352496,0.262390568400488,0.132577403488304,0.267714289707238,0.213528287653145,0.261818695790572
119,1000,"BN",0.142855292644669,0.460811927946598,FALSE,FALSE,NA,NA,NA,NA,0.750430820470945,0.0050296919719478,FALSE,TRUE,0.205470469522694,0.82626173229575,FALSE,FALSE,0.140971634780308,0.241655957615911,0.390847943170373,0.43210776397934,1.29906935902868e-17,0.202958788230498,0.269746036628343,0.149914839476115,0.317818019474151,0.208787146639692,0.265337688856457
120,1000,"BN",0.0919618777435606,0.201867951035829,FALSE,FALSE,NA,NA,NA,NA,0.889694122198814,0.000886698131886354,FALSE,TRUE,0.87236242167786,0.872976671325566,FALSE,FALSE,0.507171394373092,0.203127360031757,0.503462346975932,0.13519783737487,1.25610242693308e-17,0.200280355837644,0.272371034080216,0.153370772889303,0.293301451447075,0.205959991441255,0.269757674881429
121,1000,"BN",0.353863809323115,0.446093621833994,FALSE,FALSE,NA,NA,NA,NA,0.325537345886497,5.08924992148607e-08,FALSE,TRUE,0.270972557422101,0.668995970362034,FALSE,FALSE,0.635444507354707,0.222527748778682,0.529244367549759,0.635992734042886,1.20789879834438e-17,0.207241337185956,0.264309649537382,0.187603537428202,0.280029947799983,0.209643716729833,0.262426030372658
122,1000,"BN",0.549189126314689,0.673718442104113,FALSE,FALSE,NA,NA,NA,NA,0.982835697825931,0.0141450208541133,FALSE,TRUE,0.238830103274442,0.220023679673418,FALSE,FALSE,0.288909053640197,0.159647124934932,0.0327215298814681,0.479170645222339,1.21911215931331e-17,0.198721654559788,0.265755608269295,0.158519226433532,0.292288347148397,0.202697718879968,0.263002763396629
123,1000,"BN",0.946809053954361,0.139127734960622,FALSE,FALSE,NA,NA,NA,NA,0.0415028380415858,0.00178067129011483,TRUE,TRUE,0.194860989169826,0.451388947624354,FALSE,FALSE,0.413128816753585,0.538529859033805,0.525753190632011,0.319281664696349,1.30454457999973e-17,0.210961821874431,0.266418660037939,0.14173821894109,0.314140141596789,0.218143961693122,0.260879559499858
124,1000,"BN",0.496437468480943,0.854359252572936,FALSE,FALSE,NA,NA,NA,NA,0.392366816355073,0.132423333267179,FALSE,FALSE,0.72403724061616,0.732346248328802,FALSE,FALSE,0.776154283883264,0.254875229191938,0.117142112035818,0.691940037303257,1.27079336637026e-17,0.207233593867432,0.265487792556234,0.136878889171545,0.260009359164671,0.214877453135943,0.265957712467128
125,1000,"BN",0.027064205158998,0.625857532830486,TRUE,FALSE,NA,NA,NA,NA,0.180086429783232,0.0119713761161446,FALSE,TRUE,0.0368997659085859,0.393314455757648,TRUE,FALSE,0.0505608042121882,0.210479024525888,0.771866679494913,0.274827790829231,1.07741506688575e-17,0.199734520088078,0.269735580216768,0.141435544401768,0.278792441716896,0.205996979270328,0.268872549602846
126,1000,"BN",0.244444323736435,0.567221901646645,FALSE,FALSE,NA,NA,NA,NA,0.335249224531644,0.000389133452940338,FALSE,TRUE,0.987665972595115,0.178891835714295,FALSE,FALSE,0.403082337664138,0.474157235449473,0.214899122052682,0.600383064005332,1.25071936314669e-17,0.198869868804766,0.27292952231469,0.136900670220675,0.278067596726545,0.205450668654404,0.272371283631362
127,1000,"BN",0.967413984026543,0.0313457169570382,FALSE,TRUE,NA,NA,NA,NA,0.554787972154014,0.00167521517254843,FALSE,TRUE,0.995716568893107,0.118346657420943,FALSE,FALSE,0.979779654625901,0.981727547431264,0.803390290011621,0.538001893453756,1.28031266144468e-17,0.216087304551225,0.265970697740948,0.160494348905339,0.267346618657448,0.221990981256983,0.265814412737069
128,1000,"BN",0.125253417296477,0.0277243578576057,FALSE,TRUE,NA,NA,NA,NA,0.875271714965887,0.0311254607418407,FALSE,TRUE,0.740188269634893,0.810685883138054,FALSE,FALSE,0.360748053426862,0.82425689227048,0.658202858011088,0.47402766189923,1.23781735729411e-17,0.216684237555153,0.271182550549083,0.173756788905669,0.28447212517234,0.221453954071762,0.269573498913083
129,1000,"BN",0.852430948986177,0.945476766052485,FALSE,FALSE,NA,NA,NA,NA,0.438499423300876,0.0434309886326091,FALSE,TRUE,0.817885633060615,0.956222133574386,FALSE,FALSE,0.882286946732806,0.929448645607997,0.530051907309171,0.718880571915591,1.26335573946701e-17,0.210660143700681,0.272035200267714,0.146748338355142,0.305899611195913,0.216369041345925,0.268645033717146
130,1000,"BN",0.0556381127353204,0.983844676059507,FALSE,FALSE,NA,NA,NA,NA,0.66968273163584,0.178251020542415,FALSE,FALSE,0.250175261139321,0.322042701491266,FALSE,FALSE,0.530570898091113,0.0462439282043956,0.202974003514797,0.206116489933481,1.38618500358789e-17,0.201287951244723,0.256245765783928,0.144487314013689,0.263502552066003,0.207951713154509,0.25547513361238
131,1000,"BN",0.894626161513303,0.890542430496838,FALSE,FALSE,NA,NA,NA,NA,0.22299784542282,0.00242556057776655,FALSE,TRUE,0.807691745971964,0.394570818412487,FALSE,FALSE,0.155568447744265,0.316524340264865,0.899753078201337,0.207883994846328,1.17809543587547e-17,0.20919669640738,0.263273645694264,0.135080673416318,0.269464919497161,0.217249213317717,0.262437366939957
132,1000,"BN",0.941266048052051,0.702612748254103,FALSE,FALSE,NA,NA,NA,NA,0.818304573701947,0.167914976705635,FALSE,FALSE,0.842166054956774,0.913182413506743,FALSE,FALSE,0.134694341852997,0.423663705984401,0.38284676031813,0.855104514343437,1.29614201316297e-17,0.205280543677032,0.273419697542521,0.141502692643168,0.302927553726996,0.21284257075711,0.269957882012499
133,1000,"BN",0.384718323380259,0.221626412285271,FALSE,FALSE,NA,NA,NA,NA,0.217560366102134,0.0452446015382021,FALSE,TRUE,0.139261713192215,0.941132065982829,FALSE,FALSE,0.386626552560625,0.942001259767344,0.594222808394726,0.78396592337616,1.29151246988646e-17,0.206061474774102,0.278838191010527,0.153549286997873,0.301436336799838,0.211509759157066,0.276979469062488
134,1000,"BN",0.531641812922482,0.260892225671728,FALSE,FALSE,NA,NA,NA,NA,0.614658436616958,3.01985636176338e-05,FALSE,TRUE,0.2700913006284,0.450270721418508,FALSE,FALSE,0.207913982876975,0.0847131016574397,0.0792976166197731,0.0830051157399577,1.1840687122195e-17,0.203941017980713,0.277920946227568,0.13015715890442,0.292295084815373,0.212597224911451,0.276376880399199
135,1000,"BN",0.831645297667673,0.0487611519370723,FALSE,TRUE,NA,NA,NA,NA,0.89082257231159,0.204022232543764,FALSE,FALSE,0.952495127521399,0.0157775808295225,FALSE,TRUE,0.0393506105771811,0.478441045716693,0.587805342950603,0.167378490250007,1.2487840622688e-17,0.200350490172723,0.258608577418552,0.148166919929331,0.27712491807097,0.205764679579874,0.256226113722868
136,1000,"BN",0.539059887890229,0.425383071869874,FALSE,FALSE,NA,NA,NA,NA,0.16624215746997,0.417176148240611,FALSE,FALSE,0.0799389483434991,0.0648566812438359,FALSE,FALSE,0.599267726422678,0.7579119042608,0.981714702414832,0.413674819025001,1.14321529673389e-17,0.207033766262154,0.266242483371406,0.144052943264067,0.321998465083603,0.214109476076177,0.2590684631511
137,1000,"BN",0.309881837919669,0.694037118239561,FALSE,FALSE,NA,NA,NA,NA,0.2960487101749,0.0230330098053774,FALSE,TRUE,0.223105568420128,0.0314123515889538,FALSE,TRUE,0.430062684596066,0.0698947482108659,0.0254631052778452,0.946343445609478,1.13013981853371e-17,0.212017092263719,0.268070132897182,0.134476533618359,0.297728768092171,0.221017335677913,0.264441859904753
138,1000,"BN",0.644597516952239,0.682840960100184,FALSE,FALSE,NA,NA,NA,NA,0.106066578610435,0.00681682200769695,FALSE,TRUE,0.903649697788346,0.454192098433561,FALSE,FALSE,0.561731495946857,0.698173605186593,0.888635155940553,0.773757193017943,1.23871995560271e-17,0.209527917365401,0.268474082072849,0.154615707382694,0.232261128803891,0.215292182501708,0.272011900778598
139,1000,"BN",0.32580706124108,0.797190538561485,FALSE,FALSE,NA,NA,NA,NA,0.237410488643198,0.000151499139818156,FALSE,TRUE,0.00457273027492257,0.92218808213683,TRUE,FALSE,0.198495546500217,0.140148055668994,0.143441972178979,0.362431954219969,1.31467102829075e-17,0.200721984029406,0.270025805137976,0.157152788177994,0.292335147000549,0.205563005790674,0.267380625901474
140,1000,"BN",0.695119514217065,0.319975782556951,FALSE,FALSE,NA,NA,NA,NA,0.572254175065315,0.00131401705667855,FALSE,TRUE,0.443761706752791,0.136476726553839,FALSE,FALSE,0.639295879576019,0.0771829278445461,0.888906253069617,0.586576336245779,1.20639175732462e-17,0.203700031079092,0.275132453779213,0.163375422076422,0.257270399017515,0.207834748429973,0.277362699086917
141,1000,"BN",0.850138378971401,0.962029902835275,FALSE,FALSE,NA,NA,NA,NA,0.915661071194535,0.00679305936341268,FALSE,TRUE,0.186795242387803,0.413570079167011,FALSE,FALSE,0.383940136180304,0.982060006213916,0.760694180143252,0.310803954103281,1.34265970737346e-17,0.205947823585458,0.273402881025091,0.141529606644224,0.328294823345654,0.213424938051851,0.267506404386005
142,1000,"BN",0.9842920354027,0.268435067072464,FALSE,FALSE,NA,NA,NA,NA,0.452651878904974,0.00302102059969445,FALSE,TRUE,0.11719424442979,0.0364214338185955,FALSE,TRUE,0.214696049796042,0.175502602589608,0.468537244388079,0.744540645828232,1.14389834410256e-17,0.20542803058302,0.27541519475496,0.139033701987427,0.274291981478632,0.212969479933522,0.275524926897213
143,1000,"BN",0.0274094016749315,0.157465991367775,TRUE,FALSE,NA,NA,NA,NA,0.0370575155382153,0.0551290670018716,TRUE,FALSE,0.00757341365863961,0.082922600564006,TRUE,FALSE,0.800008040538685,0.720832556234172,0.990843138951576,0.556215451395878,1.30624677741054e-17,0.213560620038381,0.264224942137959,0.176303705652385,0.265961236666832,0.217021644872053,0.264034161718028
144,1000,"BN",0.397046649587086,0.238265147058186,FALSE,FALSE,NA,NA,NA,NA,0.453308824590338,0.0207901659996962,FALSE,TRUE,0.39930560916081,0.0852890115603424,FALSE,FALSE,0.663071053520424,0.257409356158022,0.240262715840116,0.4518279058203,1.15979274795119e-17,0.209424555836691,0.28096630532369,0.164548704074091,0.325483118711622,0.214577524322252,0.275124732526179
145,1000,"BN",0.40673207913175,0.750685466957141,FALSE,FALSE,NA,NA,NA,NA,0.139623311735658,0.00880376843019737,FALSE,TRUE,0.848044245919522,0.242625254913467,FALSE,FALSE,0.75445145410839,0.47340121405556,0.978350507325638,0.996267276130875,1.24197798313103e-17,0.208333447017125,0.263278712155438,0.148144404162295,0.297481906262107,0.216231556713008,0.25964651455119
146,1000,"BN",0.877678915190304,0.295495497016217,FALSE,FALSE,NA,NA,NA,NA,0.818290641452544,0.000120827828761882,FALSE,TRUE,0.942844294221998,0.699571388920476,FALSE,FALSE,0.291680160612533,0.274808343657619,0.521805346256637,0.371477041505933,1.2454230355341e-17,0.214176197822389,0.277711001202535,0.138810618005615,0.28713938407038,0.2226432985582,0.276663403106108
147,1000,"BN",0.715669206073301,0.466410335103399,FALSE,FALSE,NA,NA,NA,NA,0.740177799019393,0.000901031345575398,FALSE,TRUE,0.876821180981393,0.548015276318535,FALSE,FALSE,0.0538423787052692,0.163268657929091,0.547591786477572,0.44038103492032,1.3423507097543e-17,0.203956523853685,0.261920195811623,0.148913681449654,0.273543181088247,0.211108983601102,0.260542078989115
148,1000,"BN",0.875891514557765,0.494934970299621,FALSE,FALSE,NA,NA,NA,NA,0.896854250708255,0.0153632398025528,FALSE,TRUE,0.900555534992558,0.0987518909683639,FALSE,FALSE,0.649090101337781,0.283005992579799,0.165088080393333,0.938306145736699,1.25936587547226e-17,0.209174308006292,0.261164074994232,0.136067167024252,0.266735948799776,0.218302421222272,0.260461316135875
149,1000,"BN",0.96283640126892,0.349648414465305,FALSE,FALSE,NA,NA,NA,NA,0.172241147765731,0.256673395114777,FALSE,FALSE,0.724227019819562,0.144796910380198,FALSE,FALSE,0.0300832889485875,0.633074279043379,0.658611905971748,0.655824272557984,1.2793585635329e-17,0.204943069277696,0.270320089144817,0.145381503926289,0.242135320714157,0.210690237864235,0.273416972690472
150,1000,"BN",0.00245927609834993,0.295887395733195,TRUE,FALSE,NA,NA,NA,NA,0.00996971640583555,0.00578392692203322,TRUE,TRUE,0.00219356966742325,0.461309876328638,TRUE,FALSE,0.364286213106099,0.0876446475907271,0.271209677382877,0.0881241896886311,1.21156340168738e-17,0.20869278706023,0.262186536553245,0.157408904987152,0.242458519451248,0.214138863032592,0.264281547218944
151,1000,"BN",0.967039428520006,0.773790645798017,FALSE,FALSE,NA,NA,NA,NA,0.822993875543361,0.458196250308636,FALSE,FALSE,0.91372163941751,0.902974943700321,FALSE,FALSE,0.636702610059939,0.692380716863337,0.863289998657675,0.414055807166583,1.15727739891103e-17,0.204863038213624,0.263631422069591,0.179706195539525,0.28266380740594,0.207320731954562,0.261158287251874
152,1000,"BN",0.458003686234572,0.165371460329381,FALSE,FALSE,NA,NA,NA,NA,0.505623625898103,0.0390113737906455,FALSE,TRUE,0.624930036448894,0.344009343440081,FALSE,FALSE,0.0958047691835804,0.116227827757872,0.104136731930436,0.52262066844247,1.15281048596039e-17,0.205547263124337,0.272228065241263,0.141070470640788,0.268376800470786,0.212791040700353,0.272637049110694
153,1000,"BN",0.162900416351278,0.901035875081908,FALSE,FALSE,NA,NA,NA,NA,0.773999990596325,0.148140030351427,FALSE,FALSE,0.661772670411446,0.368051867097588,FALSE,FALSE,0.867324348264852,0.356441186542256,0.333662440003977,0.620263023151868,1.32476495051659e-17,0.204383602534862,0.27133869689105,0.137290414216734,0.265901718119627,0.210217792823395,0.271863317649696
154,1000,"BN",0.0371445172354908,0.554314328448836,TRUE,FALSE,NA,NA,NA,NA,0.0270491468306898,0.0385857202448002,TRUE,TRUE,0.34263730408765,0.0150441649499596,FALSE,TRUE,0.509472827173032,0.957778372379711,0.985950985142881,0.146753745011973,1.23267281798567e-17,0.211179294236755,0.269219664727582,0.145654924614075,0.287498419404295,0.218784801425101,0.267233724640755
155,1000,"BN",0.794486806417809,0.691701605152033,FALSE,FALSE,NA,NA,NA,NA,0.208630529667998,0.0425427875208184,FALSE,TRUE,0.533336738036602,0.828553829771496,FALSE,FALSE,0.476334711425367,0.805782960563467,0.966831314057468,0.217574923693394,1.20589437957799e-17,0.212927074270954,0.27044254128369,0.176952611986798,0.265986610543307,0.216484988123233,0.270872499513025
156,1000,"BN",0.774456812047298,0.917248058312161,FALSE,FALSE,NA,NA,NA,NA,0.904636403729117,0.000471201097880236,FALSE,TRUE,0.557798826373694,0.158964206513109,FALSE,FALSE,0.88418911273206,0.812202140852532,0.741973348933935,0.577074700490502,1.29636969561919e-17,0.207612540554275,0.262757431009267,0.174946553761816,0.284778529501916,0.211161616724631,0.260790404782255
157,1000,"BN",0.146529570111627,0.541445282660807,FALSE,FALSE,NA,NA,NA,NA,0.345687892263944,0.0123302128565634,FALSE,TRUE,0.0873007518463972,0.242699847679395,FALSE,FALSE,0.82857905791516,0.629258155193667,0.278665002908754,0.57886786079317,1.45959633268689e-17,0.213541176190077,0.271566904881089,0.151412101050277,0.269111486146235,0.221063530579201,0.271930566209213
158,1000,"BN",0.861441300835267,0.0109811646888664,FALSE,TRUE,NA,NA,NA,NA,0.325723064108089,0.176281265611137,FALSE,FALSE,0.912955168349736,0.00367373431285087,FALSE,TRUE,0.264927653925017,0.923262516867872,0.883338494105659,0.173109030831351,1.36759093632977e-17,0.194244449156526,0.254186130134624,0.139508841581718,0.307134529371575,0.201009524250041,0.248171946702364
159,1000,"BN",0.104901209967796,0.788051981807309,FALSE,FALSE,NA,NA,NA,NA,0.0972078103171903,0.392378248801006,FALSE,FALSE,0.22504362047543,0.180357669445475,FALSE,FALSE,0.939038564273964,0.26758431343448,0.355782981325915,0.144008750633349,1.21579179016007e-17,0.204824886180375,0.266198593567255,0.148946782522113,0.260099649484297,0.211033564364626,0.266967829757899
160,1000,"BN",0.0613899324243519,0.405942636394848,FALSE,FALSE,NA,NA,NA,NA,0.553118783560741,0.0218025824130077,FALSE,TRUE,0.00748974675942322,0.301705447991242,TRUE,FALSE,0.60716684013994,0.96005693670777,0.759023505785164,0.135966539313421,1.29544812377258e-17,0.215683288911976,0.259080064246223,0.16601402223713,0.258720703916282,0.220776168515902,0.259124933758735
161,1000,"BN",0.334512159942441,0.484101782800734,FALSE,FALSE,NA,NA,NA,NA,0.167136926802548,0.00164990317180147,FALSE,TRUE,0.0780256406019927,0.636362743635967,FALSE,FALSE,0.460965886027472,0.759010416119067,0.956560964640077,0.746141524895034,1.33143279387737e-17,0.205487262973822,0.264077809928767,0.158881300129121,0.288320455308255,0.21043656876264,0.261354220180904
162,1000,"BN",0.963891596490011,0.977894317062064,FALSE,FALSE,NA,NA,NA,NA,0.139841799756358,0.036902137055667,FALSE,TRUE,0.403014503250963,0.82400925731486,FALSE,FALSE,0.485163110264146,0.602308465411712,0.971833503114869,0.714787482404588,1.18360724866984e-17,0.202068101610231,0.261655096651852,0.169818291280223,0.284623216755633,0.206013364602342,0.258903037468085
163,1000,"BN",0.273370615595174,0.771029090499585,FALSE,FALSE,NA,NA,NA,NA,0.374814619237633,0.0119478473780438,FALSE,TRUE,0.101222699787576,0.497032338353831,FALSE,FALSE,0.922366945708054,0.738572328768416,0.442556897518942,0.851144111564819,1.27584574849404e-17,0.207271246349848,0.27306850253892,0.161306517868546,0.325165487507451,0.211872775823774,0.266956565754902
164,1000,"BN",0.251571929463563,0.570242683865985,FALSE,FALSE,NA,NA,NA,NA,0.595265951149923,0.00516144474536151,FALSE,TRUE,0.737312704663948,0.0170055850212124,FALSE,TRUE,0.37340633432042,0.272084294531914,0.383882167292815,0.3569417322034,1.29947322433793e-17,0.212416786998181,0.263227397811501,0.170202614554724,0.247220584006085,0.216951421247367,0.265286965276307
165,1000,"BN",0.232509957564637,0.357806122365649,FALSE,FALSE,NA,NA,NA,NA,0.460849811308539,0.011663619717344,FALSE,TRUE,0.13884521757613,0.369372728994773,FALSE,FALSE,0.50932459539664,0.658316587607406,0.260634771473031,0.740786167676218,1.13908990746758e-17,0.21263593464815,0.265700107907486,0.169311733215488,0.277883403698066,0.217025611445292,0.264436057350847
166,1000,"BN",0.427660966707237,0.822510178377497,FALSE,FALSE,NA,NA,NA,NA,0.55485445141084,0.0379291917315151,FALSE,TRUE,0.999559401660733,0.738277056995123,FALSE,FALSE,0.431559740350395,0.653105397909312,0.525736238690795,0.280815599495518,1.25927913929846e-17,0.205574796050291,0.276974817185086,0.141226896548766,0.296589883106009,0.212566031251122,0.27464909348529
167,1000,"BN",0.285665515936044,0.0878227274431831,FALSE,FALSE,NA,NA,NA,NA,0.714148667594879,0.208441065784397,FALSE,FALSE,0.117869103697859,0.000568781934805614,FALSE,TRUE,0.712560491896947,0.412656931437691,0.766462557654848,0.748431777412951,1.10172287959287e-17,0.200245273717487,0.27111127571188,0.113845444304267,0.302141291277966,0.208271487378825,0.267586708242235
168,1000,"BN",0.408906981981767,0.0133877310096599,FALSE,TRUE,NA,NA,NA,NA,0.603074524552489,0.0284349815614267,FALSE,TRUE,0.471560362869922,0.00490136739581842,FALSE,TRUE,0.546247981887415,0.964003864170304,0.970988757522314,0.30500625041145,1.12017600056857e-17,0.206697141329978,0.266892397419444,0.163728802528562,0.288302179170465,0.211738119625116,0.264353877435542
169,1000,"BN",0.83010980403457,0.0726094990737081,FALSE,FALSE,NA,NA,NA,NA,0.826238232876015,0.00536432268919873,FALSE,TRUE,0.244091361562762,0.0213627123891268,FALSE,TRUE,0.339647513288087,0.253322997683499,0.826895675875629,0.345332088218562,1.1891529427821e-17,0.212296082250827,0.258714206810597,0.125293329027255,0.258122410832385,0.222720824238422,0.258779961919287
170,1000,"BN",0.277577846089073,0.542243223907757,FALSE,FALSE,NA,NA,NA,NA,0.352375914770515,0.0858366375927859,FALSE,FALSE,0.0458875475953722,0.995389383693149,TRUE,FALSE,0.983192021680242,0.279034005574695,0.56252440274516,0.90158776352807,1.1019776671034e-17,0.206586802216159,0.276322460778403,0.169422987444791,0.292555145504887,0.210946802831794,0.274275095137225
171,1000,"BN",0.275886792245199,0.16316745303486,FALSE,FALSE,NA,NA,NA,NA,0.406580901293589,0.473117847926808,FALSE,FALSE,0.921981415715357,0.0411067493021459,FALSE,TRUE,0.504279919077837,0.966309155684343,0.828008507892163,0.251863733723102,1.30238701767649e-17,0.21029115404234,0.256838621029606,0.161088015549359,0.266518320622715,0.215636949577054,0.255822519967346
172,1000,"BN",0.711868812831654,0.603084522178154,FALSE,FALSE,NA,NA,NA,NA,0.392269491783328,0.0777723888228661,FALSE,FALSE,0.320207987182852,0.668733293491176,FALSE,FALSE,0.550718579563604,0.266725339682327,0.674479795944174,0.386654441614751,1.31579859855013e-17,0.19906893663727,0.254687100903362,0.144030066310018,0.260844960143671,0.20451234139491,0.253933782545121
173,1000,"BN",0.0526772438751151,0.478947624021824,FALSE,FALSE,NA,NA,NA,NA,0.203372311026962,0.0401880059363112,FALSE,TRUE,0.239746631890481,0.0295211213493249,FALSE,TRUE,0.584775788924145,0.297328019596991,0.440105982962707,0.898414016510838,1.23915634697713e-17,0.202024154876217,0.2761168169963,0.143152199596226,0.332602723674852,0.209976212399848,0.269560417113969
174,1000,"BN",0.681946001080713,0.647059144571625,FALSE,FALSE,NA,NA,NA,NA,0.20772976220201,0.0055014621436078,FALSE,TRUE,0.214544894828303,0.158773047644304,FALSE,FALSE,0.404100869924909,0.83981673635782,0.580023552230734,0.324079107970454,1.24288600245048e-17,0.218354604328621,0.258598065357988,0.169128860413233,0.257081530813885,0.224688390791774,0.258802909411051
175,1000,"BN",0.258081494651085,0.0396013942034535,FALSE,TRUE,NA,NA,NA,NA,0.809457378284999,0.000336860361129454,FALSE,TRUE,0.164123178938463,0.204993339889583,FALSE,FALSE,0.93237217651344,0.538302548328148,0.860612330213797,0.749844152417127,1.38970866064847e-17,0.202835544518888,0.267724233545941,0.184171310529864,0.29839265140007,0.204817587066394,0.264354451783944
176,1000,"BN",0.209346912787206,0.937580797004634,FALSE,FALSE,NA,NA,NA,NA,0.41454101716774,0.179464425982783,FALSE,FALSE,0.694108182018608,0.260666872390369,FALSE,FALSE,0.0187872103570775,0.180788820804341,0.215611537545939,0.243254247670027,1.29352671423503e-17,0.211965214952241,0.267621445298216,0.182693227922583,0.317094196936598,0.214966642508755,0.261755548571518
177,1000,"BN",0.944477658934601,0.982677539152395,FALSE,FALSE,NA,NA,NA,NA,0.750086451832479,0.0019877193051685,FALSE,TRUE,0.696647408560497,0.73997309391429,FALSE,FALSE,0.228441614204053,0.0726108855182265,0.109280134295064,0.391894503958301,1.21285360227263e-17,0.196923913485823,0.267571033071729,0.17700789761568,0.266027879943077,0.199410615129901,0.267759813869734
178,1000,"BN",0.452025415174711,0.0267295541960783,FALSE,TRUE,NA,NA,NA,NA,0.64440403982922,0.00683019724231304,FALSE,TRUE,0.195517540962607,0.554269901815599,FALSE,FALSE,0.00789523462479536,0.437578879082066,0.541935719716623,0.0507706556808303,1.01032463645234e-17,0.207241114281351,0.24804449643804,0.156366904246547,0.227893024714085,0.213209597022864,0.250358433547925
179,1000,"BN",0.424152253007349,0.210216890803666,FALSE,FALSE,NA,NA,NA,NA,0.524568744275992,4.38266129076936e-06,FALSE,TRUE,0.0715169945384509,0.0659234074771515,FALSE,FALSE,0.693156765807447,0.176532208540503,0.554321471788444,0.386787781685453,1.20683085920448e-17,0.200797809495369,0.276984025669376,0.143096736503305,0.345387918162519,0.208002330420138,0.26921431850423
180,1000,"BN",0.314344703693883,0.1416643291217,FALSE,FALSE,NA,NA,NA,NA,0.58051635816364,0.00124380614303765,FALSE,TRUE,0.503977530439722,0.147322909148202,FALSE,FALSE,0.5618319248854,0.71956632874261,0.973354103202493,0.939648916363551,1.23594710854657e-17,0.204040807776979,0.268976741584428,0.16801183550709,0.252823441632404,0.208177913845874,0.27120034715234
181,1000,"BN",0.615576637444299,0.118207741839613,FALSE,FALSE,NA,NA,NA,NA,0.75788924490643,0.213707427258415,FALSE,FALSE,0.745439263653027,0.0288676535126138,FALSE,TRUE,0.470106647731594,0.327217628074209,0.763391196410373,0.32327481886603,1.36960755237059e-17,0.213655822680282,0.251169572801653,0.17446319139031,0.291167589132353,0.217437567804753,0.24735815174933
182,1000,"BN",0.764349066112415,0.0175385723925424,FALSE,TRUE,NA,NA,NA,NA,0.511684426526666,7.8114788271022e-05,FALSE,TRUE,0.82305295188671,0.0988635814548766,FALSE,FALSE,0.30871478838052,0.825789433951615,0.713825435118058,0.712074193723843,1.1921141699657e-17,0.207659178640768,0.265180250417502,0.134570832881264,0.262366158560968,0.214623785520371,0.265510395272179
183,1000,"BN",0.172807590666093,0.0640902725619613,FALSE,FALSE,NA,NA,NA,NA,0.184467294780041,0.00363915246842295,FALSE,TRUE,0.857925711667071,0.605809043976316,FALSE,FALSE,0.749840477569602,0.932745442309237,0.582056941612653,0.397736909112129,1.20047201346285e-17,0.19679105695731,0.265987101938527,0.149053904508861,0.257607175131766,0.202933309078216,0.266846344709231
184,1000,"BN",0.169636409093152,0.373482994071163,FALSE,FALSE,NA,NA,NA,NA,0.108853464316643,0.0169348034794141,FALSE,TRUE,0.00876849481913447,0.899492983478405,TRUE,FALSE,0.279050972134313,0.571963232739907,0.342031296213613,0.25545615925597,1.16736047911514e-17,0.203201363171571,0.268129459716516,0.149328658633501,0.268834350616532,0.208659831032257,0.26803965963568
185,1000,"BN",0.109925855588454,0.2420641130474,FALSE,FALSE,NA,NA,NA,NA,0.0398680453768027,0.00483091423906368,TRUE,TRUE,0.633766426181399,0.00902320031642735,FALSE,TRUE,0.0291167288547959,0.0608115123979361,0.00285434849443378,0.0514878427784347,1.22520266501724e-17,0.207439980400366,0.254306014197693,0.160098707061093,0.285503470070652,0.212641740733982,0.251407889881626
186,1000,"BN",0.689793442285219,0.176363023877657,FALSE,FALSE,NA,NA,NA,NA,0.972278745037297,0.00812582926586203,FALSE,TRUE,0.561563374711882,0.972974958678934,FALSE,FALSE,0.854481690567631,0.960765445682579,0.91801681843047,0.574148201334752,1.38764867652075e-17,0.202596125142836,0.255506139875541,0.145952076383189,0.264420536970659,0.208404169833737,0.254741495607882
187,1000,"BN",0.453278269382391,0.52076596547268,FALSE,FALSE,NA,NA,NA,NA,0.809276379998995,0.551207090065975,FALSE,FALSE,0.962158074487287,0.235584219304356,FALSE,FALSE,0.302986713003758,0.558661157723853,0.256008102321424,0.878350891540886,1.10332749880815e-17,0.207541354044264,0.259070296608036,0.179846668651255,0.244405374260603,0.210280388863352,0.260591822767703
188,1000,"BN",0.156303263630248,0.112629237210098,FALSE,FALSE,NA,NA,NA,NA,0.457665668580776,0.0259644941457587,FALSE,TRUE,0.0703695206949269,0.12141823205439,FALSE,FALSE,0.0891778692308939,0.0699311087293986,0.0461556693719343,0.568115226103747,1.37433467384262e-17,0.19721960134026,0.262277783674646,0.150535386406067,0.297697528401745,0.202063217459261,0.258078127141007
189,1000,"BN",0.292764752618719,0.00663546104010343,FALSE,TRUE,NA,NA,NA,NA,0.119357681885313,0.00541724392711074,FALSE,TRUE,0.193299716125833,0.0353469268054792,FALSE,TRUE,0.636360888360565,0.762514010342072,0.321982460062876,0.950072514684832,1.18661590969849e-17,0.209414637266969,0.275069671636627,0.149527132406787,0.295293393729569,0.217503868910966,0.272797596073349
190,1000,"BN",0.178549654422071,0.256154658850973,FALSE,FALSE,NA,NA,NA,NA,0.0188471172275229,0.00108819406486338,TRUE,TRUE,0.556478314886428,0.00911649382681226,FALSE,TRUE,0.541033136531777,0.0211367664206976,0.0413131090402329,0.202554078671402,1.20849510953924e-17,0.210810446959061,0.255124956633805,0.154034863407834,0.232311633204928,0.217118845131419,0.257547610449261
191,1000,"BN",0.470100057716287,0.383190724420158,FALSE,FALSE,NA,NA,NA,NA,0.29389627542313,0.146398839589523,FALSE,FALSE,0.741759008986133,0.0762697980892795,FALSE,FALSE,0.0514012920097137,0.672350186278414,0.891176870313638,0.316458930564174,1.19244891738646e-17,0.196326307838654,0.255927837695408,0.151487966311059,0.243616459859372,0.201811581942478,0.257449468663907
192,1000,"BN",0.969375626974771,0.741298905180857,FALSE,FALSE,NA,NA,NA,NA,0.211687975712708,0.00496519611988355,FALSE,TRUE,0.615962416090398,0.052104058930618,FALSE,FALSE,0.0833552306623564,0.0372029837510899,0.142160253591081,0.00507731640397202,1.05737901073821e-17,0.20389681379364,0.263392865527437,0.163426688848648,0.263862063119254,0.209052534333419,0.263340152561059
193,1000,"BN",0.131616964121516,0.848266961135825,FALSE,FALSE,NA,NA,NA,NA,0.447123734645346,0.000938932910124701,FALSE,TRUE,0.233156641635829,0.182596295822315,FALSE,FALSE,0.57242786135374,0.565971643642488,0.206316577846031,0.544217780721364,1.38467796256814e-17,0.211982462943103,0.263018259673,0.137008686055715,0.214885555551479,0.219852638417469,0.268845986180987
194,1000,"BN",0.00408244803687023,0.212414672857406,TRUE,FALSE,NA,NA,NA,NA,0.04578228891453,0.00251275741238088,TRUE,TRUE,0.000502987517311486,0.165009574589427,TRUE,FALSE,0.152039296480625,0.59704078989557,0.213402494840559,0.184170268677691,1.20207663267813e-17,0.209707407229554,0.272873052067178,0.190259868961614,0.241736324370339,0.211725142988038,0.275654328397396
195,1000,"BN",0.188737438708966,0.857106730762633,FALSE,FALSE,NA,NA,NA,NA,0.343667410604745,0.0163284694780073,FALSE,TRUE,0.364087667348512,0.15408918079725,FALSE,FALSE,0.67367456168903,0.109440855164084,0.1191306783407,0.559789881102564,1.37874195567378e-17,0.210414670794107,0.264729806345316,0.135856225387292,0.296738632866628,0.220007969638776,0.261054322363493
196,1000,"BN",0.872643698212808,0.375708017351889,FALSE,FALSE,NA,NA,NA,NA,0.490706681943399,0.0734214768397552,FALSE,FALSE,0.90271005119177,0.0621773145204642,FALSE,FALSE,0.843791157741393,0.917671901375894,0.897756117343319,0.751134329495256,1.09311431434333e-17,0.207353555059885,0.27189289977667,0.137658805258854,0.303459896193872,0.215704437734813,0.268808967086076
197,1000,"BN",0.391919285812797,0.221554536289927,FALSE,FALSE,NA,NA,NA,NA,0.0680390190148941,0.00218400595362755,FALSE,TRUE,0.631549000194346,0.125464559884719,FALSE,FALSE,0.453319378583774,0.490827725710356,0.257838501875022,0.802348891268331,1.10200477215772e-17,0.204716198233344,0.265727490218925,0.175020908768686,0.292632469174706,0.207228381073087,0.262870324312117
198,1000,"BN",0.369442146923428,0.349946748457831,FALSE,FALSE,NA,NA,NA,NA,0.181198065463097,0.0582706689156147,FALSE,FALSE,0.353020314745405,0.433997880268003,FALSE,FALSE,0.391765172104025,0.108529104921983,0.549558573074167,0.994551701422577,1.27103189084821e-17,0.201820849745003,0.257575687417093,0.185567957826421,0.268188869802501,0.203507132129492,0.256564354593948
199,1000,"BN",0.894362039164941,0.565650021103922,FALSE,FALSE,NA,NA,NA,NA,0.546800856068622,0.00569401589573704,FALSE,TRUE,0.417697671648671,0.449196452579804,FALSE,FALSE,0.131370600323666,0.132046870921731,0.0984296564716208,0.0441731287217147,1.11200111618803e-17,0.206581885391574,0.262767846841096,0.160125392329634,0.295901645419964,0.211515318283108,0.259045362239911
200,1000,"BN",0.243370738640925,0.300118123062678,FALSE,FALSE,NA,NA,NA,NA,0.379562309457965,0.0429291969262816,FALSE,TRUE,0.39838687016418,0.149900554870297,FALSE,FALSE,0.150699309914059,0.0140147705685384,0.08492750282934,0.126196817747498,1.28911638308527e-17,0.205050547104778,0.261430864355832,0.158447817944617,0.301338293581754,0.210401808089724,0.25748397575107
